"ID","Description","GeneRatio","BgRatio","RichFactor","FoldEnrichment","zScore","pvalue","p.adjust","qvalue","geneID","Count"
"GO:0002181","cytoplasmic translation","67/721","166/20191",0.403614457831325,11.3028842136925,25.6495303140675,5.36126525221912e-53,2.43401442450748e-49,2.04743898263694e-49,"Rpl41/Rps28/Rps25/Rpl39/Rpl37a/Rpl23a/Rpl38/Rps23/Rpl34/Rpl26/Rps18/Rps19/Rpl36/Rpl13/Rpl12/Rpl35a/Rps17/Rps29/Rpl22l1/Rpl15/Rpl31/Rpl6/Rpl27/Cpeb3/Rps8/Rpl11/Rpl37/Uba52/Rpl24/Rpl18a/Rpl35/Rpl27a/Rplp2/Rps11/Rpl29/Rpl19/Rpl28/Rpl7a/Rps21/Rps12/Fau/Rpl18/Rps16/Rpl3/Rps6/Rpl23/Rpl21/Rpl36a/Rpl7/Rps4x/Rps3a1/Rps7/Rpsa/Rpl10a/Rps13/Eif3j1/Rps15/Rpl17/Rpl30/Rps27a/Rpl9/Rps15a/Rpl5/Rps10/Rplp1/Rps2/Zfp385a",67
"GO:0042274","ribosomal small subunit biogenesis","22/721","106/20191",0.207547169811321,5.81218433517389,9.55899172632564,1.92756950255309e-11,1.75023310831821e-08,1.47225729584476e-08,"Rps28/Rps25/Rps23/Rps27/Rps19/Rps17/Rps8/Snu13/Rps11/Rps21/Rps12/Fau/Rps16/Rps6/Rps4x/Rps3a1/Rps7/Rpsa/Rps13/Rps15/Rps27a/Rps15a",22
"GO:0099504","synaptic vesicle cycle","34/721","261/20191",0.130268199233716,3.64805160988623,8.28601786909848,7.20264602668427e-11,5.4500021601911e-08,4.58442101487904e-08,"Nrxn1/Prkn/Fgf14/Slc17a7/Dnajc6/Magi2/Rims2/Rims1/Cdh2/Cacna1b/Cadps/Sv2b/Cacna1d/Prkca/Atp8a1/Snap91/Unc13b/Bsn/Bltp1/Unc13c/Dennd1a/Dnm3/Syt9/Ap2b1/Actg1/Btbd9/Pclo/Ap2m1/Amph/Stxbp5/Atp6v0c/Ppfia2/Sgip1/Pten",34
"GO:0007416","synapse assembly","36/721","303/20191",0.118811881188119,3.32722703615715,7.85447801236002,2.75180007898886e-10,1.56164654482618e-07,1.31362245875942e-07,"Nrxn1/Nrg3/Prickle1/Negr1/Ptprd/Nrg2/Magi2/Adgrb3/Erbb4/Gria1/Nrxn3/Cpeb3/Cdh2/Mdga2/Cntn5/Gabrb3/Numb/Prkca/Ntng2/Ube2v2/Prickle2/Shank2/Bsn/Dnm3/Ntrk2/Farp1/Clstn1/Adgrl2/Gabra5/Ptk2/Pclo/Epha7/Ogt/Ube2m/Large1/Pten",36
"GO:0051648","vesicle localization","30/721","223/20191",0.134529147982063,3.76737590416897,7.99661373899544,4.3271946325568e-10,2.0716783814802e-07,1.74264993461863e-07,"Nrxn1/Prkn/Smpd3/Bloc1s1/Magi2/Rims1/Tanc2/Cdh2/Sybu/Cadps/Htt/Clasp1/Snap91/Unc13b/Bsn/Dpysl2/Unc13c/Dnm3/Exoc6b/Exoc4/Fyco1/Pclo/Kif16b/Atp9a/Fbxw11/Ppfia2/Mapk8/Myrip/Pten/Gbf1",30
"GO:0001508","action potential","27/721","184/20191",0.146739130434783,4.1093062172104,8.1533152875655,4.56316824114581e-10,2.0716783814802e-07,1.74264993461863e-07,"Trpc4/Ank3/Kcnn2/Kcnmb2/Ank2/Ryr2/Gria1/Cacnb2/Glra1/Hcn1/Cacna1d/Chrna7/Dmd/Sumo1/Scn8a/Camk2d/Ntrk2/Cacna1h/Kcnma1/Cacna2d1/Foxp1/Cacna1g/Hnrnpa1/Dpp6/Kcna5/Kcna6/Scn2a",27
"GO:0060078","regulation of postsynaptic membrane potential","25/721","163/20191",0.153374233128834,4.29511670056074,8.12827946780888,7.81946499876889e-10,3.22730646312825e-07,2.71473866177354e-07,"Nrxn1/Prkn/Fgf14/Atxn1/Kctd16/Slc17a7/Rims2/Nr3c2/Rims1/Gria1/Glra1/Dgki/Gabrb3/Hcn1/Tmem108/Grid1/Chrna7/Unc13b/Gabra5/Pclo/Rgs7/Dpp6/Shank1/Pten/Ppp3ca",25
"GO:0007611","learning or memory","38/721","350/20191",0.108571428571429,3.04045175351694,7.41022491760136,1.18983750397622e-09,4.15527866773235e-07,3.4953283112759e-07,"Csmd1/Nrxn1/Prkn/Shc3/Atxn1/Pde4d/Slc17a7/Pak5/Grm5/Adgrb3/Grm7/Gria1/Nrxn3/Cpeb3/Dgki/Ctnnd2/Gabrb3/Nf1/Prkca/Chrna7/Slc24a2/Htt/Atp8a1/Shank2/Specc1/Ntrk2/Epm2a/Gabra5/Btbd9/Amph/Vps13b/Shank1/Large1/Ptprz1/Pten/Zfp385a/Scn2a/Camk4",38
"GO:0050803","regulation of synapse structure or activity","41/721","400/20191",0.1025,2.87042649098474,7.27092369824401,1.47949901742235e-09,4.75053912196384e-07,3.99604821110244e-07,"Etv5/Nrxn1/Prickle1/Negr1/Slc17a7/Ptprd/Nrg2/Magi2/Adgrb3/Ctnna2/Tanc2/Cpeb3/Cdh2/Mdga2/Sybu/Nf1/Numb/Grid1/Zfp804a/Prkca/Chrna7/Rapgef2/Ntng2/Snap91/Ube2v2/Prickle2/Shank2/Epha4/Hspa8/Dnm3/Ntrk2/Farp1/Clstn1/Adgrl2/Ptk2/Epha7/Ppfia2/Malat1/Ogt/Ube2m/Pten",41
"GO:0007626","locomotory behavior","33/721","278/20191",0.118705035971223,3.32423492551313,7.50908274626724,1.56956138390876e-09,4.75053912196384e-07,3.99604821110244e-07,"Etv5/Prkn/Fgf14/Negr1/Atxn1/Prkce/Pak5/Grm5/Pcdh15/Astn1/Nr3c2/Gria1/Glra1/Hipk2/Cacna1b/Oxr1/Dmd/Htt/Scn8a/Shank2/Epha4/Adam22/Apba1/Sobp/Slc4a10/Kcnma1/Cntn1/Btbd9/Vps13a/Large1/Pten/Zfp385a/Psap",33
"GO:0099173","postsynapse organization","35/721","312/20191",0.112179487179487,3.14149240726911,7.33583213988541,2.28673294861349e-09,6.48860474169077e-07,5.45807048524324e-07,"Etv5/Nrxn1/Prickle1/Ptprd/Magi2/Dlg2/Nrxn3/Tanc2/Cpeb3/Cdh2/Ctnnd2/Gphn/Nf1/Numb/Tmem108/Grid1/Zfp804a/Chrna7/Sorbs2/Ntng2/Prickle2/Shank2/Epha4/Hspa8/Dnm3/Farp1/Iqsec3/Epha5/Epha7/Sorbs1/Igf1r/Shank1/Ppfia2/Ube2m/Pten",35
"GO:0070252","actin-mediated cell contraction","19/721","103/20191",0.184466019417476,5.16581608607247,8.15648742980689,3.70500914242917e-09,9.8945538274285e-07,8.32307936144461e-07,"Uty/Pde4d/Kcnn2/Ank2/Ryr2/Cacnb2/Myl6/Cacna1d/Sumo1/Akap6/Camk2d/Zeb2/Cacna1h/Cacna2d1/Pard3/Luzp1/Limch1/Kcna5/Epb41l5",19
"GO:0050807","regulation of synapse organization","39/721","392/20191",0.0994897959183673,2.78612825157802,6.87205871749168,8.61451626508653e-09,2.05841599176278e-06,1.73149390635645e-06,"Etv5/Nrxn1/Prickle1/Negr1/Ptprd/Nrg2/Magi2/Adgrb3/Ctnna2/Tanc2/Cpeb3/Cdh2/Mdga2/Nf1/Numb/Grid1/Zfp804a/Prkca/Chrna7/Rapgef2/Ntng2/Snap91/Ube2v2/Prickle2/Shank2/Epha4/Hspa8/Dnm3/Ntrk2/Farp1/Clstn1/Adgrl2/Ptk2/Epha7/Ppfia2/Malat1/Ogt/Ube2m/Pten",39
"GO:0071805","potassium ion transmembrane transport","26/721","210/20191",0.123809523809524,3.46718182418599,6.91600041170787,3.60446973351834e-08,7.43831481371512e-06,6.25694554698782e-06,"Slc17a7/Ank3/Kcnn2/Kcnmb2/Ank2/Nr3c2/Wnk1/Slc24a3/Kcnab2/Hcn1/Cacna1d/Sumo1/Slc24a2/Akap6/Kcnh5/Slc9a9/Kcnma1/Slc24a5/Rgs7/Nalcn/Dpp6/Kcna5/Slc12a6/Slc9a7/Large1/Kcna6",26
"GO:0007409","axonogenesis","44/721","500/20191",0.088,2.46436615811373,6.38048388050331,3.86752644903419e-08,7.63416090374575e-06,6.42168693688607e-06,"Robo2/Prickle1/Mt3/Neo1/Ank3/Dcc/Kif13b/Ctnna2/Auts2/Epha3/Cdh2/Prkg1/Rpl24/Dscaml1/Cntn5/Numb/Prkca/Stmn1/Ptprm/Arhgap32/Ntng2/Cdh11/Snap91/Epha4/Zeb2/Lmtk2/Ntrk2/Cntn1/Foxp1/Ptk2/Actg1/Ulk2/Epha5/Epha7/Etv4/Stxbp5/Igf1r/Dst/Cntn6/Ttc8/Ptprz1/Pten/Apbb2/Ext1",44
"GO:0051650","establishment of vesicle localization","25/721","201/20191",0.124378109452736,3.48310458801692,6.80831216346628,6.01440977253552e-08,1.13772584863797e-05,9.57029765559599e-06,"Prkn/Smpd3/Bloc1s1/Rims1/Tanc2/Sybu/Cadps/Htt/Clasp1/Snap91/Unc13b/Dpysl2/Unc13c/Dnm3/Exoc6b/Exoc4/Fyco1/Pclo/Kif16b/Atp9a/Fbxw11/Ppfia2/Mapk8/Myrip/Gbf1",25
"GO:1901888","regulation of cell junction assembly","32/721","307/20191",0.104234527687296,2.91900048340389,6.51996419415001,6.41346273348792e-08,1.16468483240141e-05,9.79707065140808e-06,"Nrxn1/Prickle1/Negr1/Ptprd/Nrg2/Adgrb3/Fmn1/Epha3/Cpeb3/Mdga2/Tjp1/Numb/Prkca/Rapgef2/Clasp1/Rps6/Ntng2/Ube2v2/Prickle2/Ntrk2/Farp1/Clstn1/Adgrl2/Ptk2/Actg1/Epha7/Limch1/Smad3/Epb41l5/Ogt/Ube2m/Pten",32
"GO:0035264","multicellular organism growth","27/721","235/20191",0.114893617021277,3.21749933602857,6.57981219721051,9.51448377092229e-08,1.59984282666619e-05,1.3457523244018e-05,"Sik3/Kdm2a/Unc79/Prickle1/Pde4d/Smpd3/Fto/Brinp3/Pcdh15/Mbd5/Rai1/Rpl29/Dmd/Arid5b/Gpx4/H3f3a/Apba1/Slc4a10/Alms1/Selenom/Vps13a/Vps13b/Ttc8/Sgip1/Large1/Heg1/Ext1",27
"GO:0035176","social behavior","14/721","70/20191",0.2,5.60083217753121,7.42016303303946,1.46474262828886e-07,2.37497554729694e-05,1.99777678775638e-05,"Nrxn1/Negr1/Atxn1/Brinp3/Nrxn3/Gabrb3/Grid1/Htt/Shank2/Vps13a/Vps13b/Shank1/Pten/Ext1",14
"GO:0099558","maintenance of synapse structure","11/721","42/20191",0.261904761904762,7.3344230896242,7.9078383008425,1.73746774613663e-07,2.72003571291734e-05,2.28803375062929e-05,"Nrxn1/Prickle1/Dlg2/Adgrb3/Rims2/Rims1/Prickle2/Bsn/Hspa8/Pclo/Shank1",11
"GO:0051703","biological process involved in intraspecies interaction between organisms","14/721","72/20191",0.194444444444444,5.44525350593312,7.27130567493086,2.12017439276233e-07,3.2057215659336e-05,2.69658192469444e-05,"Nrxn1/Negr1/Atxn1/Brinp3/Nrxn3/Gabrb3/Grid1/Htt/Shank2/Vps13a/Vps13b/Shank1/Pten/Ext1",14
"GO:0000028","ribosomal small subunit assembly","8/721","20/20191",0.4,11.2016643550624,8.78365217819513,2.18892882255378e-07,3.2057215659336e-05,2.69658192469444e-05,"Rps28/Rps25/Rps27/Rps19/Fau/Rps6/Rpsa/Rps15",8
"GO:1902414","protein localization to cell junction","20/721","146/20191",0.136986301369863,3.83618642296658,6.61852155145848,2.60606358060716e-07,3.69735270498641e-05,3.11013114159302e-05,"Dlgap1/Nrxn1/Nbea/Magi2/Dlg2/Erbb4/Nrxn3/Gphn/Tjp1/Tmem108/Adam22/Bsn/Clstn1/Actg1/Pclo/Shank1/Tnik/Ogt/Mapk8/Heg1",20
"GO:0070588","calcium ion transmembrane transport","32/721","342/20191",0.0935672514619883,2.62027236375729,5.81546676003278,7.43834846109562e-07,9.64860057524975e-05,8.11618893739997e-05,"Fgf14/Trpc4/Prkce/Pde4d/Plcl1/Ank2/Ryr2/Ryr3/Grm7/Cacnb2/Slc24a3/Cacna1b/Nalf1/Prkd1/Cacna1d/Dmd/Sumo1/Slc24a2/Akap6/Htt/Plcl2/Camk2d/Cacna1h/Mcu/Slc24a5/Cacna2d1/Plch1/Cacna1g/Nalcn/Trpc1/Stim1/Ppp3ca",32
"GO:0006813","potassium ion transport","26/721","246/20191",0.105691056910569,2.95978936210999,5.95131236073011,8.38937789562274e-07,0.000105799376794798,8.89960906588284e-05,"Slc17a7/Ank3/Kcnn2/Kcnmb2/Ank2/Nr3c2/Wnk1/Slc24a3/Kcnab2/Hcn1/Cacna1d/Sumo1/Slc24a2/Akap6/Kcnh5/Slc9a9/Kcnma1/Slc24a5/Rgs7/Nalcn/Dpp6/Kcna5/Slc12a6/Slc9a7/Large1/Kcna6",26
"GO:0042255","ribosome assembly","12/721","60/20191",0.2,5.60083217753121,6.8680296096004,1.13804126925299e-06,0.000139640739524556,0.000117462694874818,"Rps28/Rps25/Rpl38/Rps27/Rps19/Rpl11/Rpl24/Fau/Rps6/Rpsa/Rps15/Rpl5",12
"GO:0007264","small GTPase-mediated signal transduction","37/721","437/20191",0.0846681922196796,2.3710616769869,5.57600303835189,1.19987123428866e-06,0.000143353036938698,0.000120585397174495,"Dennd4a/Arhgap15/Auts2/A930011G23Rik/Arhgap31/Cdh2/Sipa1l3/Arhgap24/Rasgrf2/Ralgapb/Dgki/Nf1/Akap13/Ralgapa1/Stmn1/Arhgef11/Rapgef2/Arhgap32/Camk2d/Dennd1a/Farp1/Ksr2/Psd3/Stard13/Iqsec3/Dock3/Garre1/Ralgps1/Rb1/Rit2/Ogt/Cdc42bpa/Ralgapa2/Heg1/Cbl/Cdon/Gbf1",37
"GO:0086003","cardiac muscle cell contraction","13/721","72/20191",0.180555555555556,5.0563068269379,6.63508769760995,1.39958936175616e-06,0.000162926556471102,0.000137050207947405,"Uty/Pde4d/Kcnn2/Ank2/Ryr2/Cacnb2/Cacna1d/Sumo1/Akap6/Camk2d/Cacna1h/Cacna2d1/Kcna5",13
"GO:0099072","regulation of postsynaptic membrane neurotransmitter receptor levels","20/721","165/20191",0.121212121212121,3.39444374395831,5.94295333700572,1.87883900859733e-06,0.000198370444163532,0.000166864820641153,"Prkn/Nbea/Magi2/Dlg2/Erbb4/Nrxn3/Ctnnd2/Gphn/Numb/Tmem108/Grid1/Adam22/Dnm3/Ap2b1/Clstn1/Ap2m1/Kif21b/Tnik/Ogt/Inpp4a",20
"GO:0018105","peptidyl-serine phosphorylation","23/721","210/20191",0.10952380952381,3.06712238293376,5.79455438236185,1.94027596946918e-06,0.00020020120230432,0.00016840481380943,"Nrxn1/Dyrk1a/Prkce/Pde4d/Smyd3/Wnk1/Hipk2/Mif/Prkd1/Akt3/Prkca/Chrna7/Dmd/Camk2d/Lmtk2/Rictor/Ntrk2/Fnip1/Epm2a/Tgfbr1/Ogt/Mapk8/Pten",23
"GO:0006364","rRNA processing","23/721","213/20191",0.107981220657277,3.02392347613187,5.71426926766975,2.47632999245293e-06,0.000244403003602963,0.000205586389304788,"Rps28/Rps25/Rpl26/Rps27/Rps19/Rpl35a/Pin4/Rps17/Rpl27/Rps8/Rpl11/Rpl35/Snu13/Rpl7a/Rps21/Rps16/Rps6/Rpl7/Rps7/Mettl15/Rps15/Rpl5/Ddx18",23
"GO:0031396","regulation of protein ubiquitination","23/721","214/20191",0.107476635514019,3.00979299259855,5.68782067579326,2.68306219682203e-06,0.000253772966116083,0.000213468194080489,"Prkn/Nxn/Prickle1/Prkce/Ube2v1/Wnk1/Rpl11/Rpl23/Ube2v2/Ppia/Rps7/Rpl5/Epm2a/Ubb/Ube2n/Tgfbr1/Huwe1/Rps2/Ube2s/Ogt/Trim44/Mapk8/Pten",23
"GO:0032970","regulation of actin filament-based process","34/721","404/20191",0.0841584158415842,2.35678581727798,5.30108559765997,3.69690905065911e-06,0.000312089608998335,0.000262522861452808,"Prkn/Prkce/Pde4d/Ctnna2/Ank2/Fmn1/Ryr2/Epha3/Tjp1/Ppm1e/Prkd1/Akap13/Sumo1/Stmn1/Akap6/Clasp1/Dstn/Zeb2/Bcas3/Rictor/Alms1/Cacna1h/Cracd/Fhod3/Pard3/Actg1/Epha5/Tgfbr1/Limch1/Smad3/Fchsd2/Mtss1/Shank1/Ttc8",34
"GO:0071625","vocalization behavior","7/721","20/20191",0.35,9.80145631067961,7.57807042105114,3.71207904975994e-06,0.000312089608998335,0.000262522861452808,"Nrxn1/Auts2/Nrxn3/Shank2/Foxp1/Shank1/Ext1",7
"GO:0099565","chemical synaptic transmission, postsynaptic","17/721","130/20191",0.130769230769231,3.66208257761656,5.85962369328552,3.89884221387805e-06,0.000318802429081754,0.000268169536913657,"Nrxn1/Prkn/Atxn1/Slc17a7/Rims2/Rims1/Gria1/Glra1/Dgki/Gabrb3/Tmem108/Chrna7/Unc13b/Pclo/Shank1/Pten/Ppp3ca",17
"GO:0097553","calcium ion transmembrane import into cytosol","21/721","188/20191",0.111702127659574,3.12812435447222,5.64132571030866,3.93236476400402e-06,0.000318802429081754,0.000268169536913657,"Prkce/Pde4d/Plcl1/Ank2/Ryr2/Ryr3/Cacna1b/Nalf1/Prkd1/Cacna1d/Dmd/Slc24a2/Akap6/Htt/Plcl2/Camk2d/Cacna2d1/Plch1/Cacna1g/Trpc1/Ppp3ca",21
"GO:0030534","adult behavior","21/721","189/20191",0.111111111111111,3.11157343196178,5.6124591846323,4.27846852223369e-06,0.00034077626475335,0.000286653440418538,"Nrxn1/Prkn/Unc79/Fgf14/Atxn1/Pcdh15/Grm7/Nrxn3/Glra1/Hipk2/Oxr1/Chrna7/Scn8a/Shank2/Epha4/Adam22/Kcnma1/Btbd9/Vps13a/Shank1/Pten",21
"GO:1904666","regulation of ubiquitin protein ligase activity","7/721","21/20191",0.333333333333333,9.33472029588534,7.35360917086862,5.39684736221685e-06,0.000408361450407742,0.000343504600528469,"Rpl11/Rpl23/Rps7/Rpl5/Epm2a/Ube2s/Pten",7
"GO:1905475","regulation of protein localization to membrane","23/721","226/20191",0.101769911504425,2.84998097529243,5.38194977598731,6.73374112223227e-06,0.000477674760858352,0.000401809420912149,"Nrxn1/Prkn/Ank3/Nbea/Magi2/Epha3/Wnk1/Cdh2/Numb/Tmem108/Camk2d/Mtcl1/Sorbs2/Ap2b1/Farp1/Epm2a/Ap2m1/Stom/Sorbs1/C2cd5/Dpp6/Tnik/Ogt",23
"GO:0015986","proton motive force-driven ATP synthesis","12/721","71/20191",0.169014084507042,4.7330976148151,6.06369500021846,7.27005366269553e-06,0.00049454055260986,0.000415996551094035,"mt-Atp8/Ndufs5/Atp5mg/Ndufb4/Atp5mc1/mt-Nd3/mt-Nd4/Atp5mc2/Atp5pd/Atp5me/mt-Nd2/mt-Atp6",12
"GO:0099645","neurotransmitter receptor localization to postsynaptic specialization membrane","10/721","49/20191",0.204081632653061,5.71513487503184,6.35907109386576,7.37146439692469e-06,0.00049454055260986,0.000415996551094035,"Nbea/Magi2/Dlg2/Erbb4/Nrxn3/Gphn/Tmem108/Adam22/Tnik/Ogt",10
"GO:1903050","regulation of proteolysis involved in protein catabolic process","23/721","231/20191",0.0995670995670996,2.78829307539432,5.26038138709319,9.66904845953167e-06,0.00061493280115142,0.000517267842007269,"Dlgap1/Prkn/Prickle1/Rpl11/Hipk2/Sumo1/Rpl23/Ube2v2/Epha4/Rps7/Oaz1/Cop1/Rpl5/Epm2a/Ubb/Ptk2/Sumo2/Rybp/Clec16a/Ogt/Mapk8/Gabarapl2/Pten",23
"GO:0007269","neurotransmitter secretion","20/721","184/20191",0.108695652173913,3.04393053126696,5.359655461099,1.0023133763261e-05,0.00061493280115142,0.000517267842007269,"Nrxn1/Prkn/Rims2/Rims1/Nrxn3/Dgki/Cacna1b/Cadps/Nf1/Sv2b/Cacna1d/Prkca/Snap91/Unc13b/Unc13c/Syt9/Ntrk2/Pclo/Stxbp5/Ppfia2",20
"GO:0099643","signal release from synapse","20/721","184/20191",0.108695652173913,3.04393053126696,5.359655461099,1.0023133763261e-05,0.00061493280115142,0.000517267842007269,"Nrxn1/Prkn/Rims2/Rims1/Nrxn3/Dgki/Cacna1b/Cadps/Nf1/Sv2b/Cacna1d/Prkca/Snap91/Unc13b/Unc13c/Syt9/Ntrk2/Pclo/Stxbp5/Ppfia2",20
"GO:0035249","synaptic transmission, glutamatergic","16/721","127/20191",0.125984251968504,3.52808326143698,5.49967834644116,1.20838498438672e-05,0.000731475710548763,0.000615301154155092,"Nrxn1/Prkn/Shc3/Slc17a7/Grm5/Grm7/Gria1/Cdh2/Dgki/Nf1/Grid1/Unc13b/Shank2/Unc13c/Ntrk2/Ext1",16
"GO:0060074","synapse maturation","10/721","52/20191",0.192307692307692,5.38541555531847,6.09321201345706,1.28836037411816e-05,0.000769625802433745,0.000647392165831121,"Nrxn1/Robo2/Nfia/Nrg2/Adgrb3/Erbb4/Sybu/Clstn1/Shank1/Pten",10
"GO:0006874","intracellular calcium ion homeostasis","28/721","321/20191",0.0872274143302181,2.44273054471766,5.01408423002299,1.36571678145883e-05,0.000804726885079004,0.00067691841851765,"Trpc4/Prkce/Pde4d/Fto/Plcl1/Ank2/Ryr2/Ryr3/Cacnb2/Slc24a3/Prkd1/Sv2b/Cacna1d/Prkca/Dmd/Slc24a2/Akap6/Htt/Plcl2/Camk2d/Inpp4b/Mcu/Clstn1/Slc24a5/Plch1/Cngb1/Trpc1/Stim1",28
"GO:0003012","muscle system process","35/721","451/20191",0.0776053215077605,2.1732719092416,4.84915633302213,1.56527282062746e-05,0.000888292325706083,0.000747211814899529,"Uty/Dyrk1a/Pde4d/Smpd3/Kcnn2/Ank2/Ryr2/Ryr3/Cacnb2/Prkg1/Glra1/Prkd1/Myl6/Akap13/Cacna1d/Prkca/Dmd/Sumo1/Akap6/Camk2d/Sorbs2/Eno1/Cacna1h/Kcnma1/Cacna2d1/Foxp1/Ptk2/Hdac4/Map2k4/Cacna1g/Smad3/Kcna5/Large1/Apbb2/Ppp3ca",35
"GO:0086019","cell-cell signaling involved in cardiac conduction","7/721","25/20191",0.28,7.84116504854369,6.58632272836626,1.96927296798384e-05,0.00107716858730682,0.000906090339612604,"Kcnn2/Ank2/Ryr2/Cacnb2/Cacna1d/Cacna2d1/Kcna5",7
"GO:0006119","oxidative phosphorylation","17/721","148/20191",0.114864864864865,3.21669415601454,5.20844505263583,2.23461454034398e-05,0.00117966860618159,0.00099231108352117,"mt-Atp8/Cox7c/Ndufs5/mt-Co1/Cycs/Ndufb4/Uqcrb/mt-Nd3/mt-Nd4/Cox8a/Atp5pd/mt-Cytb/Atp5me/mt-Nd2/Tmem135/mt-Co3/mt-Atp6",17
"GO:0055074","calcium ion homeostasis","29/721","348/20191",0.0833333333333333,2.33368007397134,4.8293694939043,2.27420056830549e-05,0.00118676673334562,0.00099828187075769,"Trpc4/Tmtc2/Prkce/Pde4d/Fto/Plcl1/Ank2/Ryr2/Ryr3/Cacnb2/Slc24a3/Prkd1/Sv2b/Cacna1d/Prkca/Dmd/Slc24a2/Akap6/Htt/Plcl2/Camk2d/Inpp4b/Mcu/Clstn1/Slc24a5/Plch1/Cngb1/Trpc1/Stim1",29
"GO:1990778","protein localization to cell periphery","32/721","404/20191",0.0792079207920792,2.2181513574381,4.75942815325142,2.40832368320493e-05,0.00124247608201709,0.001045143340032,"Nrxn1/Negr1/Ank3/Nbea/Magi2/Dlg2/Erbb4/Ank2/Epha3/Wnk1/Nrxn3/Cacnb2/Cdh2/Gphn/Numb/Pacs1/Tmem108/Rapgef2/Camk2d/Adam22/Clstn1/Epm2a/Ap2m1/Sorbs1/C2cd5/Dpp6/Tnik/Ttc7b/Ttc8/Ogt/Large1/Golga7",32
"GO:0048167","regulation of synaptic plasticity","24/721","262/20191",0.0916030534351145,2.5652666461975,4.90737266230331,2.51613571641917e-05,0.00128351192725203,0.00107966178346171,"Fgf14/Kcnn2/Grm5/Rims1/Gria1/Cpeb3/Rasgrf2/Dgki/Ctnnd2/Nf1/Chrna7/Slc24a2/Rapgef2/Htt/Camk2d/Unc13b/Shank2/Epha4/Unc13c/Slc4a10/Ntrk2/Vps13a/Large1/Pten",24
"GO:0034762","regulation of transmembrane transport","37/721","500/20191",0.074,2.07230790568655,4.67222167711274,2.55658541768046e-05,0.00128965531069659,0.00108482946144383,"Fgf14/Prkce/Pde4d/Ank3/Kcnn2/Erbb4/Ank2/Ryr2/Nr3c2/Wnk1/Gria1/Cacnb2/Rasgrf2/Kcnab2/Prkd1/Cacna1d/Prkca/Dmd/Sumo1/Arhgef11/Akap6/Htt/Camk2d/Oaz1/Cacna2d1/Acsl1/Rgs7/Stom/Sorbs1/Yes1/C2cd5/Dapk1/Dpp6/Shank1/Trpc1/Stim1/Ppp3ca",37
"GO:0050905","neuromuscular process","21/721","214/20191",0.0981308411214953,2.74807186280737,4.94713600886469,2.89889066286777e-05,0.00144625973729887,0.00121656163387904,"Csmd1/Nrxn1/Prkn/Fgf14/Ctnna2/Pcdh15/Mdga2/Glra1/Abr/Hipk2/Kcnab2/Prkd1/Vti1a/Dmd/Kcnma1/Vps13a/Herc1/Shank1/Large1/Pten/Psap",21
"GO:0016072","rRNA metabolic process","23/721","251/20191",0.0916334661354582,2.56611832835095,4.80453843513439,3.6694082735029e-05,0.00177224612358544,0.00149077415635706,"Rps28/Rps25/Rpl26/Rps27/Rps19/Rpl35a/Pin4/Rps17/Rpl27/Rps8/Rpl11/Rpl35/Snu13/Rpl7a/Rps21/Rps16/Rps6/Rpl7/Rps7/Mettl15/Rps15/Rpl5/Ddx18",23
"GO:0006816","calcium ion transport","34/721","451/20191",0.0753880266075388,2.11117842612041,4.59252272188322,3.72339183235461e-05,0.00177938935988315,0.00149678288839695,"Fgf14/Trpc4/Prkce/Pde4d/Plcl1/Ank2/Ryr2/Ryr3/Grm7/Cacnb2/Slc24a3/Cacna1b/Nalf1/Prkd1/Cacna1d/Chrna7/Dmd/Sumo1/Slc24a2/Akap6/Htt/Plcl2/Camk2d/Cacna1h/Mcu/Slc24a5/Cacna2d1/Epm2a/Plch1/Cacna1g/Nalcn/Trpc1/Stim1/Ppp3ca",34
"GO:0043087","regulation of GTPase activity","20/721","206/20191",0.0970873786407767,2.71885057161709,4.77169276379014,5.18826570805018e-05,0.00235547263145478,0.00198137136724274,"Epha3/Wnk1/Prkg1/Arhgap24/Abr/Ralgapb/Dgki/Nf1/Ralgapa1/Stmn1/Rapgef2/Epha4/Dennd1a/Rictor/Ntrk2/Epha5/Dennd1b/Rgs7/Ttc8/Ralgapa2",20
"GO:0019228","neuronal action potential","10/721","61/20191",0.163934426229508,4.59084604715673,5.40496183682394,5.49863687237596e-05,0.00237750584767494,0.00199990522034887,"Ank3/Kcnmb2/Gria1/Glra1/Hcn1/Chrna7/Scn8a/Kcnma1/Dpp6/Scn2a",10
"GO:0098742","cell-cell adhesion via plasma-membrane adhesion molecules","21/721","226/20191",0.0929203539823009,2.6021565426583,4.66098092954359,6.45944307816608e-05,0.00269044693347468,0.00226314432521357,"Nrxn1/Robo2/Ptprd/Cadm2/Magi2/Pcdh15/Epha3/Wnk1/Cdh10/Cdh2/Mdga2/Dscaml1/Cntn5/Cdh18/Tenm2/Ptprm/Ntng2/Cdh11/Tenm3/Clstn1/Cntn6",21
"GO:0000423","mitophagy","12/721","88/20191",0.136363636363636,3.8187492119531,5.09941261071139,6.70558941868335e-05,0.0027139552309303,0.00228291898395899,"Prkn/Htt/Ambra1/Vps13d/Lrba/Timm23/Arhgap26/Ulk2/Huwe1/Clec16a/Ogt/Gabarapl2",12
"GO:0009060","aerobic respiration","19/721","194/20191",0.0979381443298969,2.74267555085291,4.69340245285382,7.04654352923663e-05,0.0027818528367595,0.00234003294499501,"mt-Atp8/Mrps36/Cox7c/Ndufs5/Bloc1s1/mt-Co1/Cycs/Ndufb4/Uqcrb/mt-Nd3/mt-Nd4/Cox8a/Atp5pd/mt-Cytb/Atp5me/mt-Nd2/Tmem135/mt-Co3/mt-Atp6",19
"GO:0021549","cerebellum development","15/721","133/20191",0.112781954887218,3.15836400988602,4.80573162111636,8.26375915313359e-05,0.00317944631823953,0.0026744797687394,"Nrxn1/Rere/Prkg1/mt-Co1/Rora/Gabrb3/Arhgap32/Gpx4/Ncoa1/Hspa8/mt-Nd4/Cntn1/Igf1r/Herc1/Psap",15
"GO:0010038","response to metal ion","29/721","375/20191",0.0773333333333333,2.1656551086454,4.38460550227386,8.75691106011089e-05,0.00327272804993548,0.00275294629380152,"Nrxn1/Mt3/Ank3/Smpd3/Kcnmb2/Dlg2/Pcdh15/Ryr2/Wnk1/Ryr3/Gria1/Glra1/mt-Co1/Gphn/Gabrb3/Hcn1/Sumo1/Htt/Hspa8/Kcnma1/Adgrv1/mt-Cytb/Cacna1g/Hnrnpa1/Mapk8/Pde1c/Trpc1/Stim1/Ppp3ca",29
"GO:1902903","regulation of supramolecular fiber organization","30/721","394/20191",0.0761421319796954,2.13229651428853,4.36778654189424,8.80360899637742e-05,0.00327272804993548,0.00275294629380152,"Prkn/Dyrk1a/Prkce/Ctnna2/Fmn1/Tjp1/Ppm1e/Prkd1/Akap13/Chrna7/Stmn1/Clasp1/Dstn/Hspa8/Rictor/Alms1/Cracd/Fhod3/Actg1/Tgfbr1/Limch1/Smad3/Fchsd2/Mtss1/Rb1/Shank1/Ttc8/Pde4dip/Mapk8/Pfdn6",30
"GO:0030100","regulation of endocytosis","27/721","338/20191",0.0798816568047337,2.23701876913229,4.41341111158833,8.86664207361376e-05,0.00327272804993548,0.00275294629380152,"Prkn/Slc17a7/Dnajc6/Ank3/Magi2/Epha3/Tbc1d5/Abr/Numb/Prkca/Snap91/Hmgb1/Hspa8/Alms1/Ap2b1/Ptk2/Pard3/Actg1/Btbd9/Ap2m1/Amph/Bicd1/Rit2/Sgip1/Pten/Cbl/Ppp3ca",27
"GO:0048588","developmental cell growth","24/721","284/20191",0.0845070422535211,2.36654880740755,4.46307541444931,9.09953544348335e-05,0.00333160410592052,0.0028024715270762,"Prkn/Prickle1/Dyrk1a/Mt3/Auts2/Rims2/Rims1/Prkg1/Kmt2d/Tmem108/Akap13/Akap6/Arhgap32/Camk2d/Sorbs2/Zeb2/Slc23a2/Foxp1/Ulk2/Rnf157/Map2k4/Epha7/Pten/Ext1",24
"GO:0150115","cell-substrate junction organization","13/721","105/20191",0.123809523809524,3.46718182418599,4.87755183385389,9.35859399675619e-05,0.00339904133962185,0.00285919823328265,"Prickle1/Fmn1/Epha3/Clasp1/Cdh11/Ptk2/Actg1/Limch1/Sorbs1/Smad3/Epb41l5/Dst/Pten",13
"GO:0031346","positive regulation of cell projection organization","33/721","455/20191",0.0725274725274725,2.03107100943439,4.28072690366088,0.000101505203313891,0.00360026268003958,0.00302846116466116,"Nrxn1/Robo2/Negr1/Ptprd/Dcc/Magi2/Auts2/Epha3/Tox/Nf1/Numb/Prkd1/Zfp804a/Dmd/Tenm2/Rapgef2/Htt/Arhgap32/Crocc/Snap91/Ube2v2/Epha4/Zeb2/Tenm3/Dnm3/Ntrk2/Cntn1/Hdac4/Tgfbr1/Igf1r/Tnik/Rit2/Ptprz1",33
"GO:0099560","synaptic membrane adhesion","8/721","43/20191",0.186046511627907,5.21007644421508,5.31815577717057,0.000121774138574133,0.0041882923418679,0.00352309868219262,"Nrxn1/Ptprd/Magi2/Epha3/Cdh10/Mdga2/Ntng2/Tenm3",8
"GO:0097484","dendrite extension","8/721","44/20191",0.181818181818182,5.09166561593746,5.22846368177588,0.000144226887291417,0.00474485556741329,0.0039912673309936,"Prkn/Auts2/Rims2/Rims1/Tmem108/Slc23a2/Rnf157/Pten",8
"GO:0031547","brain-derived neurotrophic factor receptor signaling pathway","9/721","57/20191",0.157894736842105,4.42170961384043,4.97815439357289,0.00017397701966924,0.00556236386829822,0.00467893719318014,"Erbb4/Epha3/Rapgef2/Epha4/Ntrk2/Vps13a/Epha5/Epha7/Igf1r",9
"GO:0006836","neurotransmitter transport","21/721","243/20191",0.0864197530864197,2.42011266930361,4.28577211705638,0.000180222027984502,0.00568407449467285,0.00478131747430399,"Nrxn1/Prkn/Slc17a7/Rims2/Rims1/Nrxn3/Dgki/Cacna1b/Cadps/Nf1/Sv2b/Cacna1d/Prkca/Snap91/Unc13b/Unc13c/Syt9/Ntrk2/Pclo/Stxbp5/Ppfia2",21
"GO:0051017","actin filament bundle assembly","17/721","175/20191",0.0971428571428571,2.72040420051516,4.39859208588049,0.000184005782091026,0.00576128448753973,0.00484626480890195,"Prkn/Tjp1/Ppm1e/Stmn1/Clasp1/Zeb2/Alms1/Actg1/Fmn2/Luzp1/Tgfbr1/Limch1/Sorbs1/Smad3/Mtss1/Shank1/Ttc8",17
"GO:0007044","cell-substrate junction assembly","12/721","98/20191",0.122448979591837,3.42908092501911,4.63858421109471,0.000191735333038451,0.00596218090407238,0.00501525442151046,"Fmn1/Epha3/Clasp1/Cdh11/Ptk2/Actg1/Limch1/Sorbs1/Smad3/Epb41l5/Dst/Pten",12
"GO:1901379","regulation of potassium ion transmembrane transport","11/721","84/20191",0.130952380952381,3.6672115448121,4.71385568499205,0.000193286709646763,0.00596953511426057,0.00502144062011068,"Ank3/Kcnn2/Ank2/Nr3c2/Wnk1/Kcnab2/Cacna1d/Sumo1/Akap6/Rgs7/Dpp6",11
"GO:0032231","regulation of actin filament bundle assembly","13/721","113/20191",0.115044247787611,3.22171762424361,4.55743699124732,0.00019828821806846,0.00603526928900518,0.00507673475087196,"Prkn/Tjp1/Ppm1e/Stmn1/Clasp1/Alms1/Actg1/Tgfbr1/Limch1/Smad3/Mtss1/Shank1/Ttc8",13
"GO:0060042","retina morphogenesis in camera-type eye","11/721","85/20191",0.129411764705882,3.62406787957902,4.6652455257152,0.000214978913600165,0.00646360442215066,0.00543704077059184,"Thrb/Hipk2/Hcn1/Ptprm/Man2a1/Rorb/Alms1/Ntrk2/Ttc8/Large1/Cdon",11
"GO:1902514","regulation of calcium ion transmembrane transport via high voltage-gated calcium channel","5/721","17/20191",0.294117647058824,8.23651790813413,5.74395342425009,0.00024773539775304,0.00720973529358205,0.00606466952124175,"Pde4d/Cacnb2/Cacna1d/Camk2d/Cacna2d1",5
"GO:0051651","maintenance of location in cell","19/721","214/20191",0.088785046728972,2.48635073301619,4.20645134193612,0.000255628648993138,0.00727282598620485,0.0061177400134364,"Prkce/Pde4d/Slc17a7/Ank3/Plcl1/Ank2/Ryr2/Ryr3/Prkd1/Dmd/Akap6/Htt/Plcl2/Camk2d/Vps13d/Vps13a/Plch1/Rit2/Trpc1",19
"GO:0001764","neuron migration","19/721","215/20191",0.0883720930232558,2.47478631100216,4.18356845033022,0.000271272120885476,0.00746409350800038,0.00627863001322174,"Nrg3/Mrtfa/Neo1/Dcc/Ctnna2/Auts2/Astn1/Prkg1/Mdga2/Rapgef2/Arhgap32/Ntng2/Ntrk2/Zfp609/Ptk2/Mapk8/Large1/Ptprz1/Apbb2",19
"GO:0031345","negative regulation of cell projection organization","19/721","216/20191",0.087962962962963,2.46332896696974,4.16081366711819,0.000287744969422854,0.00759512884406836,0.00638885403345235,"Nrxn1/Mt3/Neo1/Runx1t1/Epha3/Arhgap24/Ntm/Rapgef2/Epha4/Dnm3/Ptk2/Ulk2/Epha7/Luzp1/Dennd5a/Rit2/Ptprz1/Pten/Ppp3ca",19
"GO:0045471","response to ethanol","15/721","149/20191",0.100671140939597,2.81921082761638,4.2890237743962,0.00029422140222447,0.00770728765034068,0.00648319953522745,"Unc79/Prkce/Gria1/Glra1/Tjp1/Prkca/Chrna7/Rps6/Slc23a2/Hspa8/mt-Nd4/mt-Cytb/Igf1r/Pten/Cbl",15
"GO:0017157","regulation of exocytosis","19/721","217/20191",0.0875576036866359,2.45197722057818,4.13818558158793,0.000305083799862406,0.00791474543643043,0.00665770842647104,"Prkn/Smpd3/Rims2/Rims1/Abr/Cadps/Sv2b/Cacna1d/Prkca/Clasp1/Unc13b/Syt9/Cacna1h/Pclo/Cacna1g/Stxbp5/Rab3c/Atp9a/Ppfia2",19
"GO:0071361","cellular response to ethanol","5/721","18/20191",0.277777777777778,7.77893357990445,5.53688117107752,0.000332983615605773,0.00835082317300252,0.00702452735257434,"Prkce/Glra1/Rps6/Slc23a2/Pten",5
"GO:0055002","striated muscle cell development","18/721","202/20191",0.0891089108910891,2.49542027711786,4.11051494885232,0.000351996716071696,0.00873259612549453,0.00734566629800467,"Prickle1/Dyrk1a/Hdac9/Smyd3/Prkg1/Prkd1/Akap13/Dmd/Akap6/Camk2d/Sorbs2/Foxp1/Fhod3/Actg1/Hdac4/Map2k4/Large1/Ppp3ca",18
"GO:0061049","cell growth involved in cardiac muscle cell development","8/721","50/20191",0.16,4.48066574202497,4.74197895560399,0.000361874062395856,0.00873887363445312,0.00735094679939623,"Dyrk1a/Prkg1/Akap13/Akap6/Camk2d/Sorbs2/Foxp1/Map2k4",8
"GO:0043266","regulation of potassium ion transport","12/721","106/20191",0.113207547169811,3.17028236464031,4.31107990102325,0.000400929310212432,0.0093344567608433,0.00785193812389044,"Ank3/Kcnn2/Ank2/Nr3c2/Wnk1/Kcnab2/Cacna1d/Sumo1/Akap6/Rgs7/Dpp6/Kcna5",12
"GO:0048511","rhythmic process","26/721","352/20191",0.0738636363636364,2.06848915647459,3.89165540893424,0.000406436010577064,0.00941438514295851,0.00791917210726953,"Kdm2a/Dyrk1a/Pde4d/Ppp1cc/Prkg1/Rora/Rai1/Gabrb3/Chrna7/Rorb/Ncoa1/Hspa8/Ntrk2/Kcnma1/Enox1/Btbd9/Cbx3/Igf1r/Huwe1/Fbxw11/Rbm4b/Phlpp1/Ogt/Mapk8/Pten/Bhlhe41",26
"GO:0010959","regulation of metal ion transport","30/721","431/20191",0.0696055684454756,1.94924553742385,3.83333297595686,0.000414673094947808,0.00950816086395478,0.00799805416518153,"Fgf14/Trpc4/Prkce/Pde4d/Ank3/Kcnn2/Ank2/Ryr2/Nr3c2/Wnk1/Cacnb2/Kcnab2/Cacna1b/Prkd1/Akt3/Cacna1d/Dmd/Sumo1/Akap6/Htt/Camk2d/Cacna2d1/Cntn1/Cacna1g/Rgs7/Dpp6/Kcna5/Trpc1/Stim1/Ppp3ca",30
"GO:0140694","membraneless organelle assembly","30/721","431/20191",0.0696055684454756,1.94924553742385,3.83333297595686,0.000414673094947808,0.00950816086395478,0.00799805416518153,"Rps28/Rps25/Prickle1/Rpl38/Negr1/Rps23/Rps27/Rps19/Wnk1/Rpl11/Rpl24/Prkd1/Akap13/Fau/Clasp1/Cds2/Rps6/Rpsa/Rps15/Alms1/Rpl5/Fhod3/Actg1/Pan3/Stag1/Bicd1/Mapk8/Pten/Cnot6l/Dync1h1",30
"GO:0046034","ATP metabolic process","20/721","241/20191",0.0829875518672199,2.32399675416233,3.97902628228546,0.000431395418752569,0.00968821421661513,0.00814951105445854,"mt-Atp8/Prkn/Ndufs5/Atp5mg/Zbtb20/Ndufb4/Atp5mc1/Eno1/mt-Nd3/Hspa8/mt-Nd4/Pgk1/Atp5mc2/Hdac4/Atp5pd/Pgam1/Atp5me/mt-Nd2/Ogt/mt-Atp6",20
"GO:0051098","regulation of binding","25/721","335/20191",0.0746268656716418,2.08986275281015,3.87080370334524,0.000447982828799482,0.00992118069633974,0.00834547729337366,"Prkn/Runx1t1/Plcl1/Rpl11/Hipk2/Cycs/Sumo1/Stmn1/Rapgef2/Plcl2/Zfp462/Epha4/Hmgb1/Eno1/Hdac4/Tgfbr1/Smad3/Rb1/Btaf1/Epb41l5/Mapk8/Large1/Ran/Ppp3ca/Cdon",25
"GO:0071826","protein-RNA complex organization","17/721","189/20191",0.0899470899470899,2.51889277825478,4.03714291662957,0.00045625565851142,0.0100553431536012,0.00845833177863786,"Rps28/Rps25/Rpl38/Rps27/Rps19/Rpl11/Rpl24/Snu13/Fau/Rps6/Rpsa/Eif3j1/Rps15/Rpl5/Snrpd2/Prpf8/Celf2",17
"GO:0001964","startle response","7/721","40/20191",0.175,4.90072815533981,4.75204117790939,0.000479444485235404,0.0103215041685127,0.00868222052477721,"Csmd1/Nrxn1/Prkn/Ctnna2/Pcdh15/Glra1/Pten",7
"GO:0006605","protein targeting","23/721","299/20191",0.0769230769230769,2.15416622212739,3.86916762363504,0.000491134344234609,0.0105176883152128,0.00884724628045263,"Immp2l/Ank3/Nbea/Sec61g/Ppp2r2b/Rpl11/Pam16/Mtcl1/Vps13d/Timm23/Naca/Tomm20/Vps8/Hspa8/Exoc4/Pard3/Vps13a/Stom/Pan3/C2cd5/Ogt/Large1/Golga7",23
"GO:0021953","central nervous system neuron differentiation","20/721","245/20191",0.0816326530612245,2.28605395001274,3.89732962329682,0.000532331959839465,0.0110861793471155,0.00932544833557499,"Nrxn1/Robo2/Dcc/Brinp3/Erbb4/Rora/Tox/Prkca/Rapgef2/Cdh11/Rorb/Epha4/Zeb2/Slc4a10/Ntrk2/Ubb/Ptk2/Herc1/Pten/Psap",20
"GO:0010508","positive regulation of autophagy","15/721","160/20191",0.09375,2.62539008321775,3.97209015934105,0.000629098236766734,0.0120510801473459,0.0101371015011757,"Prkn/Larp1/Prkd1/Scoc/Htt/Ambra1/Vps13d/Hmgb1/Sesn1/Epm2a/Fyco1/Huwe1/Dapk1/Ccny/Clec16a",15
"GO:0060013","righting reflex","4/721","12/20191",0.333333333333333,9.33472029588534,5.5575662551044,0.000634595790915503,0.0120546648148803,0.0101401168440495,"Auts2/Pcdh15/Glra1/Shank1",4
"GO:0071322","cellular response to carbohydrate stimulus","17/721","195/20191",0.0871794871794872,2.44138838507771,3.89206044009975,0.000652193027365849,0.0122865471933891,0.0103351711610516,"Prkn/Prkce/Fto/Zbtb20/Sybu/Tjp1/Cacna1d/Prkca/Unc13b/Epha5/Map2k4/Smad3/Igf1r/Slc12a6/Ogt/Pde1c/Ppp3ca",17
"GO:0044091","membrane biogenesis","9/721","68/20191",0.132352941176471,3.70643305866036,4.30187907689382,0.00067255577338393,0.0125139475867338,0.0105264553314793,"Nrxn1/Ank3/Ptprd/Magi2/Cdh2/Reep3/Exoc4/Pten/Psap",9
"GO:0150116","regulation of cell-substrate junction organization","9/721","69/20191",0.130434782608696,3.65271663752035,4.24749279008785,0.000749375525459127,0.0136084112038365,0.0114470938668024,"Fmn1/Epha3/Clasp1/Ptk2/Actg1/Limch1/Smad3/Epb41l5/Pten",9
"GO:0007605","sensory perception of sound","16/721","180/20191",0.0888888888888889,2.48925874556943,3.86211171327091,0.000754167344354298,0.0136084112038365,0.0114470938668024,"Rpl38/Ush2a/Pcdh15/Grm7/Thrb/Tjp1/Cntn5/Cacna1d/Scn8a/Triobp/Sobp/Alms1/Kcnma1/Adgrv1/Large1/Psap",16
"GO:0031503","protein-containing complex localization","21/721","272/20191",0.0772058823529412,2.16208595088521,3.71314366722241,0.000808970934953719,0.0143053719149937,0.0120333617685131,"Nrxn1/Nbea/Magi2/Dlg2/Erbb4/Nrxn3/Ralgapb/Gphn/Numb/Tmem108/Akap6/Adam22/Rps15/Dnm3/Ap2b1/Clstn1/Ap2m1/Tnik/Ogt/Ralgapa2/Ran",21
"GO:0010976","positive regulation of neuron projection development","19/721","236/20191",0.0805084745762712,2.25457227485366,3.73059958179481,0.000857519487365123,0.014916239358765,0.0125472099220031,"Nrxn1/Negr1/Ptprd/Dcc/Magi2/Epha3/Tox/Nf1/Prkd1/Zfp804a/Dmd/Rapgef2/Ube2v2/Tenm3/Ntrk2/Cntn1/Igf1r/Rit2/Ptprz1",19
"GO:0015800","acidic amino acid transport","10/721","85/20191",0.117647058823529,3.29460716325365,4.07950795974095,0.000885641247773929,0.0151728726977118,0.0127630841983071,"Slc17a7/Grm7/Prkg1/Nf1/Arhgef11/Dpysl2/Apba1/Ntrk2/Epm2a/Ttyh2",10
"GO:0098926","postsynaptic signal transduction","9/721","71/20191",0.126760563380282,3.54982321111133,4.14169460645688,0.000924481799040412,0.0156027783183772,0.013124711277318,"Nf1/Chrna7/Htt/Sorbs2/Sorbs1/Large1/Trpc1/Stim1/Camk4",9
"GO:0046390","ribose phosphate biosynthetic process","16/721","184/20191",0.0869565217391304,2.43514442501357,3.76327841740386,0.000954814556792652,0.0159844389766805,0.0134457557633658,"mt-Atp8/Prkn/Ndufs5/Atp5mg/Ndufb4/Atp5mc1/Eno1/mt-Nd3/mt-Nd4/Adcy2/Atp5mc2/Atp5pd/Upp2/Atp5me/mt-Nd2/mt-Atp6",16
"GO:0031032","actomyosin structure organization","18/721","220/20191",0.0818181818181818,2.29124952717186,3.705735569896,0.0009647677351166,0.0160441227744665,0.0134959604511395,"Tjp1/Ppm1e/Prkd1/Akap13/Stmn1/Clasp1/Zeb2/Alms1/Fhod3/Actg1/Luzp1/Tgfbr1/Limch1/Sorbs1/Smad3/Epb41l5/Ttc8/Cdc42bpa",18
"GO:0031281","positive regulation of cyclase activity","5/721","23/20191",0.217391304347826,6.08786106253392,4.6980816574925,0.00112777617701766,0.0181574552021392,0.0152736488461306,"Nf1/Cacna1d/Adcy2/Mapk8/Stim1",5
"GO:0045761","regulation of adenylate cyclase activity","5/721","23/20191",0.217391304347826,6.08786106253392,4.6980816574925,0.00112777617701766,0.0181574552021392,0.0152736488461306,"Nf1/Cacna1d/Adcy2/Adgrv1/Stim1",5
"GO:0071709","membrane assembly","8/721","59/20191",0.135593220338983,3.79717435764828,4.14052011990417,0.00112784193105799,0.0181574552021392,0.0152736488461306,"Nrxn1/Ank3/Ptprd/Magi2/Cdh2/Reep3/Pten/Psap",8
"GO:0043270","positive regulation of monoatomic ion transport","19/721","242/20191",0.0785123966942149,2.19867378870027,3.60994797134222,0.00115504489485303,0.0183996625355536,0.0154773882863409,"Fgf14/Trpc4/Ank3/Kcnn2/Ank2/Wnk1/Cacnb2/Akt3/Cacna1d/Dmd/Sumo1/Akap6/Htt/Cntn1/Rgs7/Dpp6/Trpc1/Stim1/Ppp3ca",19
"GO:0099011","neuronal dense core vesicle exocytosis","4/721","14/20191",0.285714285714286,8.00118882504458,5.04266744126939,0.00121212913943584,0.0190417518790267,0.0160174996098096,"Rims1/Cadps/Unc13b/Unc13c",4
"GO:0034332","adherens junction organization","8/721","60/20191",0.133333333333333,3.73388811835414,4.0810931200421,0.00126136836149883,0.0195447520860228,0.0164406122346605,"Cdh10/Cdh2/Tjp1/Cdh18/Numb/Cdh11/Epha4/Mtss1",8
"GO:0055075","potassium ion homeostasis","6/721","35/20191",0.171428571428571,4.80071329502675,4.33061697056307,0.00135998369201845,0.0206499196045611,0.0173702546546134,"Nr3c2/Wnk1/Camk2d/Kcnma1/Kcna5/Slc12a6",6
"GO:1902253","regulation of intrinsic apoptotic signaling pathway by p53 class mediator","6/721","35/20191",0.171428571428571,4.80071329502675,4.33061697056307,0.00135998369201845,0.0206499196045611,0.0173702546546134,"Prkn/Rpl26/Mif/Rps7/Ubb/Zfp385a",6
"GO:1903115","regulation of actin filament-based movement","7/721","48/20191",0.145833333333333,4.08394012944984,4.1163974131814,0.00147950505054677,0.0219508265669358,0.0184645487560498,"Pde4d/Ank2/Ryr2/Sumo1/Akap6/Zeb2/Cacna1h",7
"GO:0036293","response to decreased oxygen levels","24/721","346/20191",0.069364161849711,1.94248514827672,3.40282667918893,0.00158035618038269,0.0231410113595305,0.0194657058224847,"Prkce/Mt3/Ptprd/Ryr2/Higd1a/mt-Co1/Rora/Nf1/Camk2d/Epha4/Zeb2/Eno1/mt-Nd4/Kcnma1/Pgk1/Fmn2/mt-Cytb/Smad3/Kcna5/Ogt/Mapk8/Pten/Cbl/Scn2a",24
"GO:0010882","regulation of cardiac muscle contraction by calcium ion signaling","4/721","15/20191",0.266666666666667,7.46777623670827,4.8220965011499,0.00160650696811332,0.0232278396026576,0.0195387438160078,"Ank2/Ryr2/Dmd/Hdac4",4
"GO:0046541","saliva secretion","4/721","15/20191",0.266666666666667,7.46777623670827,4.8220965011499,0.00160650696811332,0.0232278396026576,0.0195387438160078,"Negr1/Kcnma1/Trpc1/Ppp3ca",4
"GO:0106027","neuron projection organization","12/721","124/20191",0.0967741935483871,2.7100800859022,3.67569005203978,0.00162317733570231,0.0233203326078749,0.0196165468818387,"Ptprd/Tanc2/Ctnnd2/Zfp804a/Chrna7/Epha4/Dnm3/Epha5/Igf1r/Shank1/Ppfia2/Pten",12
"GO:0036323","vascular endothelial growth factor receptor-1 signaling pathway","7/721","49/20191",0.142857142857143,4.00059441252229,4.04675448291535,0.00167381274267079,0.0238157579056064,0.0200332876609181,"Erbb4/Epha3/Epha4/Ntrk2/Epha5/Epha7/Igf1r",7
"GO:0042438","melanin biosynthetic process","5/721","25/20191",0.2,5.60083217753121,4.42944517859911,0.00167864372902952,0.0238157579056064,0.0200332876609181,"Rapgef2/Zeb2/Slc24a5/Ddt/Trpc1",5
"GO:0030162","regulation of proteolysis","29/721","450/20191",0.0644444444444444,1.80471259053783,3.32211984154814,0.00169438375555286,0.0239641814648286,0.0201581382690466,"Dlgap1/Prkn/Prickle1/Rpl11/Psenen/Hipk2/Sumo1/Rpl23/Timm23/Ube2v2/Epha4/Rps7/Eno1/Hspa8/Oaz1/Cop1/Rpl5/Epm2a/Ubb/Ptk2/Sumo2/Psma3/Rybp/Fbxw11/Clec16a/Ogt/Mapk8/Gabarapl2/Pten",29
"GO:0007163","establishment or maintenance of cell polarity","18/721","233/20191",0.0772532188841202,2.16341157072021,3.43720667253811,0.00184150680574252,0.025411674462222,0.0213757372939813,"Prickle1/Ank3/Dlg2/Frmd4a/Sipa1l3/Htt/Clasp1/Mtcl1/Snap91/Prickle2/Rictor/Exoc4/Pard3/Igf1r/Fbxw11/Dst/Ttc8/Gbf1",18
"GO:0071333","cellular response to glucose stimulus","15/721","178/20191",0.0842696629213483,2.35990119839798,3.50682485526916,0.00185603197998659,0.0254573570668855,0.0214141644884444,"Prkn/Prkce/Fto/Zbtb20/Sybu/Tjp1/Cacna1d/Unc13b/Epha5/Smad3/Igf1r/Slc12a6/Ogt/Pde1c/Ppp3ca",15
"GO:0072583","clathrin-dependent endocytosis","7/721","50/20191",0.14,3.92058252427185,3.97893446101052,0.0018873841557388,0.0256548624762101,0.021580301660953,"Dnajc6/Magi2/Snap91/Ap2b1/Ap2m1/Fchsd2/Sgip1",7
"GO:0006470","protein dephosphorylation","10/721","94/20191",0.106382978723404,2.9791660518783,3.70112164764511,0.0019221587627096,0.0258735015233515,0.0217642159811545,"Ppp1cc/Ptprr/Ppm1e/Ptprm/Mtmr3/Epm2a/Fbxw11/Ptprz1/Pten/Ppp3ca",10
"GO:0140029","exocytic process","11/721","110/20191",0.1,2.8004160887656,3.6435889455284,0.00192580464470029,0.0258735015233515,0.0217642159811545,"Rims2/Rims1/Cacna1b/Cadps/Unc13b/Unc13c/Exoc6b/Syt9/Exoc4/Pclo/Stxbp5",11
"GO:0001678","intracellular glucose homeostasis","16/721","197/20191",0.0812182741116751,2.2744496152411,3.45906526106602,0.00194659004139907,0.0259927023175053,0.0218644850470459,"Prkn/Prkce/Fto/Zbtb20/Sybu/Tjp1/Cacna1d/Unc13b/Alms1/Epha5/Smad3/Igf1r/Slc12a6/Ogt/Pde1c/Ppp3ca",16
"GO:1901526","positive regulation of mitophagy","5/721","26/20191",0.192307692307692,5.38541555531847,4.30577299505503,0.00201797181865865,0.0265825008840202,0.0223606105279911,"Prkn/Htt/Ambra1/Vps13d/Huwe1",5
"GO:0006814","sodium ion transport","19/721","254/20191",0.0748031496062992,2.09479943647821,3.37889219109909,0.00202003586012929,0.0265825008840202,0.0223606105279911,"Fgf14/Slc17a7/Ank3/Wnk1/Slc24a3/Hcn1/Akt3/Dmd/Slc24a2/Scn8a/Camk2d/Slc23a2/Slc4a10/Slc9a9/Slc24a5/Cntn1/Nalcn/Slc9a7/Scn2a",19
"GO:0006835","dicarboxylic acid transport","11/721","111/20191",0.0990990990990991,2.77518711499294,3.60891445859858,0.00207040717441778,0.0270883244145727,0.022786098070037,"Slc17a7/Grm7/Prkg1/Nf1/Arhgef11/Dpysl2/Apba1/Ntrk2/Epm2a/Lrrc8b/Ttyh2",11
"GO:0061448","connective tissue development","22/721","314/20191",0.0700636942675159,1.96207496665106,3.30636759319104,0.00214479312091163,0.0278210307683966,0.0234024344140373,"Nfia/Sik3/Csgalnact1/Smpd3/Fto/Thrb/Fbxw4/Prkca/Dmd/Arid5b/Bltp1/Ncoa1/Selenom/Ubb/Mef2d/Tgfbr1/Vps13b/Smad3/Rb1/Otor/Large1/Ext1",22
"GO:0043113","receptor clustering","9/721","80/20191",0.1125,3.1504680998613,3.70863404817811,0.00216783096864332,0.0280397509904293,0.023586417016758,"Etv5/Nrxn1/Magi2/Dlg2/Cdh2/Gphn/Sorbs2/Farp1/Sorbs1",9
"GO:0036215","response to stem cell factor","7/721","52/20191",0.134615384615385,3.76979088872293,3.84842049859169,0.00237737330519164,0.0297989648916595,0.0250662287565362,"Erbb4/Epha3/Epha4/Ntrk2/Epha5/Epha7/Igf1r",7
"GO:0036216","cellular response to stem cell factor stimulus","7/721","52/20191",0.134615384615385,3.76979088872293,3.84842049859169,0.00237737330519164,0.0297989648916595,0.0250662287565362,"Erbb4/Epha3/Epha4/Ntrk2/Epha5/Epha7/Igf1r",7
"GO:0038109","Kit signaling pathway","7/721","52/20191",0.134615384615385,3.76979088872293,3.84842049859169,0.00237737330519164,0.0297989648916595,0.0250662287565362,"Erbb4/Epha3/Epha4/Ntrk2/Epha5/Epha7/Igf1r",7
"GO:0006582","melanin metabolic process","5/721","27/20191",0.185185185185185,5.1859557199363,4.18833087906018,0.0024047567349067,0.0297989648916595,0.0250662287565362,"Rapgef2/Zeb2/Slc24a5/Ddt/Trpc1",5
"GO:0044550","secondary metabolite biosynthetic process","5/721","27/20191",0.185185185185185,5.1859557199363,4.18833087906018,0.0024047567349067,0.0297989648916595,0.0250662287565362,"Rapgef2/Zeb2/Slc24a5/Ddt/Trpc1",5
"GO:0086004","regulation of cardiac muscle cell contraction","6/721","39/20191",0.153846153846154,4.30833244425477,3.97956118553606,0.00242264146901087,0.0297989648916595,0.0250662287565362,"Pde4d/Ank2/Ryr2/Sumo1/Akap6/Cacna1h",6
"GO:0006937","regulation of muscle contraction","14/721","165/20191",0.0848484848484849,2.37611062077081,3.415474356595,0.00243511365083825,0.0297989648916595,0.0250662287565362,"Pde4d/Ank2/Ryr2/Cacnb2/Prkg1/Prkd1/Prkca/Dmd/Sumo1/Akap6/Eno1/Cacna1h/Kcnma1/Hdac4",14
"GO:0021700","developmental maturation","26/721","401/20191",0.0648379052369077,1.81573112987296,3.17503956425198,0.00264158313075884,0.0318683587126617,0.0268069569695193,"Nrxn1/Robo2/Nfia/Slc17a7/Ank3/Nrg2/Dlg2/Adgrb3/Erbb4/Rere/Sybu/Rfx3/Nf1/Mbtps2/Catspere2/H3f3a/Ankrd17/Kcnma1/Clstn1/Pebp1/Akr1b1/Atp6v0c/Rb1/Shank1/Pten/Ext1",26
"GO:0043243","positive regulation of protein-containing complex disassembly","6/721","40/20191",0.15,4.20062413314841,3.89914320353524,0.00276555858379478,0.0330411472906008,0.0277934807257825,"Wnk1/Dstn/Cracd/Fyco1/Igf1r/Clec16a",6
"GO:0032411","positive regulation of transporter activity","9/721","83/20191",0.108433734939759,3.03659575890246,3.57776868917425,0.00279619540069096,0.0333194937510157,0.0280276195985822,"Fgf14/Ank3/Ank2/Cacnb2/Dmd/Sumo1/Akap6/Htt/Stim1",9
"GO:0051588","regulation of neurotransmitter transport","12/721","133/20191",0.0902255639097744,2.52669120790881,3.399272865894,0.00292796426967278,0.0345701017246167,0.0290796033055667,"Prkn/Rims2/Rims1/Cacna1b/Nf1/Sv2b/Cacna1d/Prkca/Unc13b/Ntrk2/Stxbp5/Ppfia2",12
"GO:0038145","macrophage colony-stimulating factor signaling pathway","7/721","54/20191",0.12962962962963,3.63016900395541,3.7242254735197,0.0029598772790184,0.0348130643698019,0.0292839780972968,"Erbb4/Epha3/Epha4/Ntrk2/Epha5/Epha7/Igf1r",7
"GO:0043523","regulation of neuron apoptotic process","22/721","324/20191",0.0679012345679012,1.90151709730998,3.14798854115367,0.00314383204044622,0.03678607593718,0.0309436316948966,"Prkn/Mt3/Grm7/Ppp2r2b/Cntfr/Mdga2/Hipk2/Nf1/Oxr1/Htt/Ambra1/Ube2v2/Epha4/Ntrk2/Kcnma1/Ubb/Hdac4/Map2k4/Epha7/Mapk8/Ube2m/Ptprz1",22
"GO:0007517","muscle organ development","24/721","366/20191",0.0655737704918033,1.83633841886269,3.10719713792621,0.00327870048258239,0.0379872846565218,0.0319540618441598,"Negr1/Hdac9/Ryr2/Cntfr/Nf1/Myl6/Dmd/Arid5b/Scn8a/Hspa8/Foxp1/Zfp609/Mef2d/Hdac4/Tgfbr1/Vps13b/Smad3/Mtss1/Ube4b/Rb1/Large1/Heg1/Ppp3ca/Cdon",24
"GO:1902065","response to L-glutamate","4/721","18/20191",0.222222222222222,6.22314686392356,4.26614941476364,0.00330729546514666,0.0379872846565218,0.0319540618441598,"Prkn/Gria1/Hcn1/Igf1r",4
"GO:0051402","neuron apoptotic process","25/721","387/20191",0.0645994832041344,1.80905432090801,3.09249866920501,0.00331342835330014,0.0379872846565218,0.0319540618441598,"Prkn/Mt3/Grm7/Ppp2r2b/Cntfr/Mdga2/Thrb/Hipk2/Nf1/Oxr1/Htt/Ambra1/Ube2v2/Epha4/Ntrk2/Kcnma1/Ubb/Hdac4/Map2k4/Epha7/Rb1/Mapk8/Ube2m/Ptprz1/Scn2a",25
"GO:0014047","glutamate secretion","6/721","42/20191",0.142857142857143,4.00059441252229,3.74591578189727,0.00355878203861368,0.0404934096624214,0.0340621586494933,"Grm7/Prkg1/Nf1/Dpysl2/Apba1/Ntrk2",6
"GO:0055006","cardiac cell development","11/721","119/20191",0.092436974789916,2.58861991398501,3.34465228779588,0.00357329883790129,0.0405569418101796,0.0341156004839629,"Prickle1/Dyrk1a/Prkg1/Akap13/Akap6/Camk2d/Sorbs2/Foxp1/Fhod3/Map2k4/Large1",11
"GO:0032941","secretion by tissue","7/721","56/20191",0.125,3.500520110957,3.60579775838428,0.00364572184077674,0.0411730775052895,0.0346338801737052,"Prickle1/Negr1/Prkce/Wnk1/Kcnma1/Trpc1/Ppp3ca",7
"GO:0042593","glucose homeostasis","21/721","308/20191",0.0681818181818182,1.90937460597655,3.09478184553744,0.00367587394785691,0.0414105898840456,0.0348336703221232,"Csmd1/Prkn/Phkb/Prkce/Fto/Mbd5/Zbtb20/Sybu/Tjp1/Cacna1d/Rps6/Unc13b/Alms1/Mcu/Epha5/Smad3/Igf1r/Slc12a6/Ogt/Pde1c/Ppp3ca",21
"GO:0032922","circadian regulation of gene expression","8/721","71/20191",0.112676056338028,3.15539840987674,3.50102780853635,0.00372485266062087,0.0417551384672068,0.0351234969531709,"Kdm2a/Ppp1cc/Rora/Rai1/Huwe1/Rbm4b/Ogt/Bhlhe41",8
"GO:0048661","positive regulation of smooth muscle cell proliferation","11/721","120/20191",0.0916666666666667,2.56704808136847,3.31315119789085,0.0038105531989901,0.042460725266834,0.0357170209293007,"Pde4d/Smpd3/Nf1/Prkca/Camk2d/Foxp1/Ptk2/Mef2d/Hdac4/Akr1b1/Igf1r",11
"GO:0031340","positive regulation of vesicle fusion","5/721","30/20191",0.166666666666667,4.66736014794267,3.86821825338574,0.00388677853077238,0.0430389622675771,0.0362034210773869,"Rims2/Rims1/Cacna1b/Syt9/C2cd5",5
"GO:0051495","positive regulation of cytoskeleton organization","15/721","193/20191",0.077720207253886,2.1764891881598,3.16028412049466,0.00402468903351539,0.044135478773333,0.0371257864571417,"Prkce/Fmn1/Ppm1e/Prkd1/Dstn/Rictor/Cracd/Tgfbr1/Limch1/Smad3/Fchsd2/Mtss1/Pde4dip/Mapk8/Dync1h1",15
"GO:0001894","tissue homeostasis","20/721","291/20191",0.0687285223367698,1.92468459708976,3.05749950782997,0.00413717266335298,0.0449348418459869,0.0377981929555392,"Prickle1/Ush2a/Abca4/Pcdh15/Tjp1/Nf1/Akt3/Prkca/Crocc/Zeb2/Cracd/Adgrv1/Ldb2/Akr1b1/Vps13b/Rb1/Cngb1/Apbb2/Cbl/Ext1",20
"GO:0060249","anatomical structure homeostasis","20/721","291/20191",0.0687285223367698,1.92468459708976,3.05749950782997,0.00413717266335298,0.0449348418459869,0.0377981929555392,"Prickle1/Ush2a/Abca4/Pcdh15/Tjp1/Nf1/Akt3/Prkca/Crocc/Zeb2/Cracd/Adgrv1/Ldb2/Akr1b1/Vps13b/Rb1/Cngb1/Apbb2/Cbl/Ext1",20
"GO:0051962","positive regulation of nervous system development","24/721","374/20191",0.0641711229946524,1.79705845268381,2.99405541568296,0.00429673356055104,0.0462598148596169,0.0389127308858544,"Etv5/Nrxn1/Robo2/Atxn1/Ppp1cc/Ptprd/Grm5/Adgrb3/Numb/Prkca/Arhgap32/Man2a1/Snap91/Ube2v2/Epha4/Zeb2/Ntrk2/Clstn1/Adgrl2/Ptk2/Tnik/Mapk8/Ptprz1/Cdon",24
"GO:0071447","cellular response to hydroperoxide","3/721","10/20191",0.3,8.40124826629681,4.50491340491963,0.00450845659262473,0.0464249738296356,0.0390516589505954,"Prkd1/Oxr1/Dapk1",3
"GO:0071872","cellular response to epinephrine stimulus","3/721","10/20191",0.3,8.40124826629681,4.50491340491963,0.00450845659262473,0.0464249738296356,0.0390516589505954,"Pde4d/Ryr2/Akap6",3
"GO:0099545","trans-synaptic signaling by trans-synaptic complex","3/721","10/20191",0.3,8.40124826629681,4.50491340491963,0.00450845659262473,0.0464249738296356,0.0390516589505954,"Ptprd/Tenm2/Farp1",3
"GO:0051647","nucleus localization","6/721","44/20191",0.136363636363636,3.8187492119531,3.60188961319961,0.00450956243587429,0.0464249738296356,0.0390516589505954,"Dmd/Bltp1/Ptk2/Fbxw11/Cdc42bpa/Dync1h1",6
"GO:0021675","nerve development","10/721","106/20191",0.0943396226415094,2.64190197053359,3.26149753596278,0.00463124921909959,0.0475698449201632,0.0400146991352544,"Rpl24/Gabrb3/Dmd/Scn8a/Unc13b/Epha4/Gabra5/Large1/Scn2a/Ext1",10
"GO:0019748","secondary metabolic process","7/721","59/20191",0.11864406779661,3.32252756294224,3.43792373081791,0.00489276363642917,0.0499171840660414,0.0419892287947133,"Prkce/Rapgef2/Zeb2/Slc24a5/Ddt/Akr1b1/Trpc1",7
