"","logFC","logCPM","F","PValue","FDR"
"ENSMUSG00000058672",-2.80291639335163,9.70693576477366,45.4349114585209,3.81844084781311e-07,0.000188613351504594
"ENSMUSG00000027350",-2.49972875720695,9.10374215490569,43.7360664211192,5.41992389381016e-07,0.000188613351504594
"ENSMUSG00000031633",-2.34175203421748,11.6438702395064,46.4314315410017,8.27776836712244e-07,0.000191193404575786
"ENSMUSG00000013698",-1.75847934055111,9.84256619905672,41.4590138225318,1.15462514676103e-06,0.000191193404575786
"ENSMUSG00000046159",2.78962628029343,11.394631780221,43.8084330502657,1.4653545250682e-06,0.000191193404575786
"ENSMUSG00000036019",2.27756074237713,9.49522685752341,42.2129461789198,1.64821900496367e-06,0.000191193404575786
"ENSMUSG00000032249",-2.4788675444961,10.6122183576051,38.3525867071364,2.28759928370369e-06,0.000210833207532332
"ENSMUSG00000044042",1.97322884890121,10.7113813694245,40.843931897538,2.42337020152106e-06,0.000210833207532332
"ENSMUSG00000052613",2.88814521671441,11.6886127179547,39.0964010759255,3.28813455291961e-06,0.000224255807281219
"ENSMUSG00000020994",-2.77335533775774,10.9196575718885,36.5677505926142,3.37418027789179e-06,0.000224255807281219
"ENSMUSG00000040037",2.28196295852653,11.7499069539553,38.1686426836052,3.86660368460533e-06,0.000224255807281219
"ENSMUSG00000041670",1.95215662888096,9.64598192547664,37.2676042533787,4.25951453485245e-06,0.000224255807281219
"ENSMUSG00000040640",2.29922943107059,10.6288847637347,37.5437090090711,4.36917470752e-06,0.000224255807281219
"ENSMUSG00000037605",2.21715716874656,10.2290465645215,36.9041800065866,4.84822993998133e-06,0.000224255807281219
"ENSMUSG00000003814",-2.31827277752271,9.8872821798527,33.3159401199146,5.05172984130094e-06,0.000224255807281219
"ENSMUSG00000070934",-1.98968928603862,9.10697591099035,32.7460968234715,5.15530591451078e-06,0.000224255807281219
"ENSMUSG00000079157",2.31492133132256,11.6442221371851,35.9617569004175,5.83750588029982e-06,0.000226155377457014
"ENSMUSG00000020048",-2.41293976880896,10.7647020792697,34.1651716346234,5.84884596871587e-06,0.000226155377457014
"ENSMUSG00000068882",-2.18852167064494,9.7996808406328,31.9736395703705,6.85961014841971e-06,0.000231027937563221
"ENSMUSG00000004980",-2.08322679741596,11.3285651597036,34.295995337223,7.13543422718196e-06,0.000231027937563221
"ENSMUSG00000028639",-2.32069983265875,10.7178787736051,33.2117418114409,7.2054847638048e-06,0.000231027937563221
"ENSMUSG00000030428",-2.16464973684543,10.5285006038706,33.0270538263648,7.30260722182594e-06,0.000231027937563221
"ENSMUSG00000020949",-2.19853648765582,9.95884297085377,31.4912163705979,8.03185625963478e-06,0.000242772260626632
"ENSMUSG00000029062",-2.84711110236131,9.26902669271604,30.7604328504583,8.37145726298731e-06,0.000242772260626632
"ENSMUSG00000052572",2.49660848083839,12.2883647557847,32.8105191542139,1.07141229737504e-05,0.000298281183589213
"ENSMUSG00000041741",2.04513984019527,10.0733546331058,32.4531276795915,1.14023816741788e-05,0.000305232986354941
"ENSMUSG00000026864",-2.18146227998091,10.0593328525338,29.5224888535992,1.3183861563056e-05,0.00032143805288071
"ENSMUSG00000018326",-2.71455308326677,10.640444929977,29.6877641034462,1.33612464079753e-05,0.00032143805288071
"ENSMUSG00000020863",-2.2434604076893,11.2173471658322,30.9599858380255,1.35926787578151e-05,0.00032143805288071
"ENSMUSG00000001175",-2.65142034097307,11.3379174924634,30.4417556091292,1.43083342258521e-05,0.00032143805288071
"ENSMUSG00000072235",-1.58271296235637,10.9976626252308,30.8111349282614,1.47465376894915e-05,0.00032143805288071
"ENSMUSG00000035580",2.12584999599189,9.86694465621787,30.8419273676535,1.55423317931202e-05,0.00032143805288071
"ENSMUSG00000026234",-1.94277080689928,10.5777097470466,29.7719429207785,1.58409846158779e-05,0.00032143805288071
"ENSMUSG00000063600",2.9896477065539,10.4890828085214,30.8542998573331,1.5873393292354e-05,0.00032143805288071
"ENSMUSG00000098682",1.9688429258701,12.3456654537152,30.717784543513,1.64301170709978e-05,0.00032143805288071
"ENSMUSG00000053453",-2.00681681184111,9.56788325401483,27.9606886220995,1.7195874947282e-05,0.00032143805288071
"ENSMUSG00000052387",2.21109810710539,11.3989553786029,30.4376114450111,1.76262135839761e-05,0.00032143805288071
"ENSMUSG00000039630",-2.29690492448721,10.3989301333787,28.6632797049035,1.77822368352972e-05,0.00032143805288071
"ENSMUSG00000030738",-2.2415845729752,8.97934122356929,27.4827381769455,1.81539631142726e-05,0.00032143805288071
"ENSMUSG00000027523",-1.56854659170798,11.2436087344163,29.908155732708,1.84734513149833e-05,0.00032143805288071
"ENSMUSG00000014769",-2.10793994825004,8.99118218204585,27.2577446298104,1.90996241624767e-05,0.000324227766270336
"ENSMUSG00000033569",2.52562402242859,11.996850761987,29.7034680579134,2.04794235825137e-05,0.000339373305081655
"ENSMUSG00000025781",-1.8802222050156,9.46509669187129,26.8430138379815,2.26371385724704e-05,0.000366405777824172
"ENSMUSG00000036309",-2.28543947622883,9.57008104364663,26.5654245737942,2.3166024238895e-05,0.000366444383415248
"ENSMUSG00000069662",-2.04956044105464,10.2423882144052,27.1894566709385,2.53357593023274e-05,0.000391859743875997
"ENSMUSG00000025428",-1.73083373861232,9.46422342326324,26.2620513281075,2.70686245733112e-05,0.000402831634259191
"ENSMUSG00000019699",1.93844068087345,9.05300010324973,27.5855910242023,2.72027109341695e-05,0.000402831634259191
"ENSMUSG00000094483",-1.45785593495666,10.9742905556558,27.9580618986018,2.77878395057029e-05,0.000402923672832693
"ENSMUSG00000086020",2.35787015669286,9.12455373864865,26.8896941606267,3.18310024855025e-05,0.000450812832316623
"ENSMUSG00000050587",2.53210329815762,12.4104623417098,27.5897694788737,3.23859793330907e-05,0.000450812832316623
"ENSMUSG00000027416",-1.93462221067271,10.284844951581,25.6688489450094,3.82314448967125e-05,0.000521746777413959
"ENSMUSG00000051910",2.17444550893229,10.0900319760253,26.7260677074475,3.90176065026258e-05,0.000522235656265915
"ENSMUSG00000033849",-1.5561416277315,9.92391091784195,25.3874770283236,4.02889419156673e-05,0.000529077425911405
"ENSMUSG00000063873",1.72568906823752,10.8457286593897,26.4327631201467,4.25015168272753e-05,0.000539914788297155
"ENSMUSG00000063887",2.46901029459683,11.6551501412613,26.3218784628162,4.34891194440491e-05,0.000539914788297155
"ENSMUSG00000028484",-1.73787338972989,10.7562996771348,25.6437189660257,4.44899592538926e-05,0.000539914788297155
"ENSMUSG00000029673",2.3792454161303,11.5032770384799,26.1903044698711,4.48769786605446e-05,0.000539914788297155
"ENSMUSG00000091337",-1.87466085453183,9.80581817918699,24.4444579809312,4.59765085093685e-05,0.000539914788297155
"ENSMUSG00000026839",1.95174629729017,8.931342313262,25.072577754629,4.78641268408176e-05,0.000539914788297155
"ENSMUSG00000004267",-1.7792682018944,9.60727012441165,24.1257983830719,4.80346630949012e-05,0.000539914788297155
"ENSMUSG00000020368",-1.70301718560214,10.1902799217626,24.8429381077474,4.80728956718442e-05,0.000539914788297155
"ENSMUSG00000066113",2.70178247103176,11.3825198028111,25.9006095088957,4.80958575781949e-05,0.000539914788297155
"ENSMUSG00000021848",-1.92236836250448,10.8396587911364,24.9654582201418,5.19405858494485e-05,0.00056078186153502
"ENSMUSG00000030057",-1.8320964309841,9.26313468381415,23.5159113730212,5.21597548781201e-05,0.00056078186153502
"ENSMUSG00000037236",-2.22143525131585,10.1347664999253,23.9340886221476,5.30177974561166e-05,0.00056078186153502
"ENSMUSG00000032246",-3.52342424794966,8.89924593102836,23.9676514346761,5.42098369174313e-05,0.00056078186153502
"ENSMUSG00000015749",-2.23937960918966,10.2806745881168,23.9601353236125,5.47647204697819e-05,0.00056078186153502
"ENSMUSG00000071658",-1.95334076942554,10.1908929518197,24.1097848047755,5.47890324488238e-05,0.00056078186153502
"ENSMUSG00000038602",1.67631204323414,10.1030115902995,25.0997295162339,5.72501890338603e-05,0.0005685276142544
"ENSMUSG00000056158",1.99856747935413,11.9213539294473,25.1053962834439,5.74719169749343e-05,0.0005685276142544
"ENSMUSG00000041078",2.48662738899585,10.0952629531468,24.9970871676063,5.79963514541126e-05,0.0005685276142544
"ENSMUSG00000054034",-1.93600674407823,8.9926227360018,22.8203965922317,6.12393861964909e-05,0.000591980733232746
"ENSMUSG00000045103",2.22720363688886,12.6665390026621,24.7279914807573,6.2580924296122e-05,0.000596661963152067
"ENSMUSG00000037266",-2.17469122482896,10.1685417742541,23.1546585512061,6.70030420062566e-05,0.000620292904060405
"ENSMUSG00000063063",2.26699746261356,11.8357414872909,24.3696076939774,6.85991095820647e-05,0.000620292904060405
"ENSMUSG00000029632",-2.10196732593454,10.3226444775567,23.250504771886,6.90219314157666e-05,0.000620292904060405
"ENSMUSG00000046876",1.95824591358354,10.3394047834694,24.3361663184224,6.92156634126138e-05,0.000620292904060405
"ENSMUSG00000023826",2.72784211697559,9.04226165087357,23.4366944170866,6.9515584075735e-05,0.000620292904060405
"ENSMUSG00000026657",2.39541094642097,10.9754267960563,24.2417777271027,7.12671028408701e-05,0.000627872197180324
"ENSMUSG00000050272",2.49673922948797,11.5189339507579,24.146017008635,7.27120312196634e-05,0.000627996044192921
"ENSMUSG00000051401",2.33990472503157,11.283354481698,24.1298434114277,7.30857465224521e-05,0.000627996044192921
"ENSMUSG00000036371",-1.99105877501705,10.4519413978709,23.1369445864904,7.47411746360907e-05,0.000628140714105139
"ENSMUSG00000033278",2.50361522493018,9.43966791939773,23.6046006852853,7.49075851590899e-05,0.000628140714105139
"ENSMUSG00000070695",2.29403464778495,11.5512039283067,23.9475255229362,7.61836873060856e-05,0.000631236266250423
"ENSMUSG00000035392",1.70137140929072,9.48776565467845,23.3886582082528,8.23225311333343e-05,0.000674076254927066
"ENSMUSG00000032181",-1.74368155208105,10.1393937377507,22.5634587023024,8.45311087673842e-05,0.000678264702471085
"ENSMUSG00000004535",-1.85391307732583,9.6276602763233,21.878378661363,8.69300022951879e-05,0.000678264702471085
"ENSMUSG00000031561",2.27304115601241,11.4115301896211,23.3762717340115,8.76953598533853e-05,0.000678264702471085
"ENSMUSG00000028565",1.52792355270011,9.82558327217769,23.2500568872888,8.80211466644719e-05,0.000678264702471085
"ENSMUSG00000030654",-1.83981863627399,10.1180560866431,22.2981455941931,8.86238430546858e-05,0.000678264702471085
"ENSMUSG00000032238",1.96028214996814,12.2874495501935,23.2471749189642,8.97970828282298e-05,0.000678264702471085
"ENSMUSG00000024474",-2.14334713268317,9.11680978456719,21.4200908855101,9.06038383148308e-05,0.000678264702471085
"ENSMUSG00000021537",-2.14310938337543,8.88659709072722,21.445035502337,9.06301973129467e-05,0.000678264702471085
"ENSMUSG00000066392",2.17384145633844,14.3522259190922,23.0009632217431,9.49738166057578e-05,0.000703210386783058
"ENSMUSG00000056755",2.15212792394404,10.7093967703521,22.6548491987411,0.000105069293473498,0.000769770823763732
"ENSMUSG00000033676",1.83631013476781,12.2967058451518,22.4934779787263,0.000108330012532351,0.000779866162927443
"ENSMUSG00000025393",-1.5906378207624,9.99165628773279,21.585826291327,0.00010868824397121,0.000779866162927443
"ENSMUSG00000064115",2.26008621813673,11.4177956125241,22.4418821416044,0.000110610225801781,0.000785558338347343
"ENSMUSG00000020483",-2.10143806650967,9.73035682757324,20.8684100410732,0.000113229845888857,0.000796040128673179
"ENSMUSG00000074748",-1.77316845200242,9.94244085488211,21.0263730470275,0.000120788619013411,0.000840688788333338
"ENSMUSG00000000563",-1.75926200813386,9.60333321516901,20.6805625964884,0.000123599308798493,0.000846983674119232
"ENSMUSG00000048078",1.68687809145551,9.24565533593,21.6302975373376,0.000124126917758853,0.000846983674119232
"ENSMUSG00000018666",-1.94475056249927,9.09678611809991,20.2865987515441,0.000125926174915127,0.000850918618843963
"ENSMUSG00000042846",2.04065798120032,10.3867673631915,21.8650227997639,0.000127675490889242,0.000854443669797236
"ENSMUSG00000072704",-1.70568675615062,9.13655994616162,20.1035519433467,0.000135126420379332,0.000895695129371574
"ENSMUSG00000070544",-1.53230356306612,10.0171012155256,20.805571671463,0.00013694942725041,0.000899215107229104
"ENSMUSG00000039706",1.55742118668881,10.0828638861593,21.3715377809593,0.000143522470851464,0.000933566726286156
"ENSMUSG00000021413",-1.5118874042123,9.62473228924865,20.2031252786247,0.000148965393060482,0.000959999199723106
"ENSMUSG00000090386",1.7681476402749,9.43289932383722,20.9208054131726,0.000153746871724337,0.000981723144221455
"ENSMUSG00000021337",-1.72781100475445,11.8756096215261,20.9790375115921,0.000157950932678554,0.000999398628584306
"ENSMUSG00000049690",1.81758616322688,9.95989943906604,20.8798642749678,0.000162347523822033,0.00101796285207329
"ENSMUSG00000024063",-1.6547741139786,10.5418675020241,20.300680940525,0.000169990543509821,0.00105636980609675
"ENSMUSG00000023944",-1.55008936455661,11.0976506605001,20.5175236171875,0.000172350514319092,0.00106155715014237
"ENSMUSG00000000568",-1.74312377269612,9.65302471529562,19.4774532832971,0.000176626623751804,0.0010701848037114
"ENSMUSG00000037940",2.0878174842706,11.1142915955686,20.6244104625004,0.000176826512107487,0.0010701848037114
"ENSMUSG00000055421",1.75126537519514,13.1205749108771,20.2397640251957,0.000193549639221819,0.00116129783533092
"ENSMUSG00000092094",2.22224818831824,14.1187176581679,20.0198595788202,0.00020504679947041,0.0012197655763368
"ENSMUSG00000048978",-1.81949755051282,9.40673187010159,18.7434288496397,0.000207561997260057,0.00122426398383898
"ENSMUSG00000032399",-2.16735968644958,10.1594701146434,18.9982358221211,0.000209616690585511,0.00122599341720601
"ENSMUSG00000029088",2.76425830213727,15.5509310822607,19.8282801781785,0.000215805349801306,0.00124296246152949
"ENSMUSG00000056899",2.75139828795121,9.90875698393193,19.7141622356404,0.000216089738283144,0.00124296246152949
"ENSMUSG00000073565",2.08941764059155,10.5684866541834,19.7243559247485,0.000224480811226228,0.00128064462797914
"ENSMUSG00000022185",-1.70198570212257,9.86839038212575,18.7628118607213,0.000229730693286204,0.00129993953274145
"ENSMUSG00000040452",2.26838456855684,9.72296680927493,19.3404809349922,0.00023999344766201,0.00134361715144661
"ENSMUSG00000008575",1.57825514727057,12.0657112191829,19.4336379793467,0.000241310551624751,0.00134361715144661
"ENSMUSG00000034912",1.92560567885572,11.6466963631378,19.3772226852903,0.000245780874085084,0.00135764673304142
"ENSMUSG00000043456",2.15024723806271,9.27252581556873,19.0072869665945,0.000252084167138705,0.00138150063250818
"ENSMUSG00000035227",-1.9615897169324,10.065036469983,18.3078617217056,0.000261781955419366,0.00139165497935885
"ENSMUSG00000089809",2.77763312700004,9.29800498299298,18.6821290020398,0.000261953954219279,0.00139165497935885
"ENSMUSG00000039714",-1.36268438175103,10.7999615204976,18.9157315713533,0.00026352200856986,0.00139165497935885
"ENSMUSG00000028399",1.47091266607586,11.477348920709,19.121334173781,0.000263620249678422,0.00139165497935885
"ENSMUSG00000068205",1.90198473680967,10.8141460297969,19.1312792685606,0.000263934565050817,0.00139165497935885
"ENSMUSG00000028248",-1.66614452648331,10.8825387492292,18.795165045719,0.00026910898886363,0.0014082695958578
"ENSMUSG00000117351",2.30673742901067,9.58698381829464,18.7655381272481,0.000275948452322786,0.00143328449863178
"ENSMUSG00000025351",-1.49838534242156,9.06810677131279,17.7271432158826,0.000278950010948624,0.00143390162569203
"ENSMUSG00000024853",-1.60991551011481,9.43393600726141,17.8433715458147,0.000281249104251764,0.00143390162569203
"ENSMUSG00000020523",-1.23517957439306,9.88436313241071,18.2970948437121,0.000282247877470989,0.00143390162569203
"ENSMUSG00000064293",1.45424846042294,11.7592107887723,18.8118834294672,0.00028662113914596,0.00144556748438832
"ENSMUSG00000006373",-1.3541332566566,9.29497212883152,17.7861960145404,0.000288775285575821,0.00144595394791922
"ENSMUSG00000058317",2.07008888236505,10.0525270540368,18.6824464429191,0.000294766808602999,0.00146541213419777
"ENSMUSG00000026527",1.90735715397098,9.62693811506715,18.513972388991,0.000300342122061572,0.00148253983655925
"ENSMUSG00000032228",1.34338855723122,9.57555366139788,18.4213201193332,0.000308141360805683,0.00151032666986447
"ENSMUSG00000029245",1.31996014193747,10.1708005206967,18.3981276189961,0.000319953674868929,0.00155725704691451
"ENSMUSG00000034701",-1.61063414765324,10.6194413230793,18.0654102574405,0.000323215040338897,0.00156220602830467
"ENSMUSG00000061603",1.71636196426539,9.39144938419121,18.0778175957664,0.000334606872333634,0.00159984006594
"ENSMUSG00000028820",-1.39340803848691,10.1419681898277,17.7719300082359,0.000337501066356866,0.00159984006594
"ENSMUSG00000044071",1.93887265820679,10.8036996802448,18.2399610083983,0.000337897255306293,0.00159984006594
"ENSMUSG00000055436",-1.22411978207263,9.35463379838246,17.2852046725932,0.00034640099625445,0.00161501343442231
"ENSMUSG00000067873",-2.60192019798528,8.88576669003757,17.0378751330144,0.000346968143597305,0.00161501343442231
"ENSMUSG00000034403",-2.25495013855564,9.39330902947798,16.9480766345724,0.000348063240177222,0.00161501343442231
"ENSMUSG00000022708",1.61352672050973,10.620530838878,17.9506901338146,0.000365859504127769,0.00168634579386045
"ENSMUSG00000028478",-1.54217937413452,9.2435111885514,16.8768900779729,0.000371594325987884,0.00170151086110242
"ENSMUSG00000010608",-1.30006291882839,10.2728930357423,17.4737275407848,0.000378603979178068,0.00172227692488846
"ENSMUSG00000060534",2.13590128325736,11.6321343090076,17.7344924606204,0.000388562164762971,0.00175609913425343
"ENSMUSG00000064360",3.68298044272393,10.2452427973001,17.3032075796966,0.000409963165819142,0.00184086686071047
"ENSMUSG00000019971",-1.28242563208001,9.18724465652823,16.5991637103322,0.000412834628101694,0.00184187757153064
"ENSMUSG00000070802",-1.70241759877433,10.2410194323147,16.9257066308301,0.000423328076296615,0.0018766645930092
"ENSMUSG00000051951",1.96471733505531,9.85483916264305,17.1863004674712,0.000446854463787733,0.00196842219491305
"ENSMUSG00000060988",1.70105625763063,9.97840224363493,17.1173367574797,0.000458239087587829,0.00200587676076182
"ENSMUSG00000007850",-1.22563134049376,9.48112448615035,16.3504711698346,0.000473171566476687,0.00205052985349473
"ENSMUSG00000020612",-1.47811544369553,9.34571116623763,16.1706802273177,0.000474332336799786,0.00205052985349473
"ENSMUSG00000020321",-1.38242535307308,9.78501273483144,16.4067555334661,0.000480434077527336,0.00206408714789522
"ENSMUSG00000024109",1.94198639683503,10.3517746403609,16.9569163848207,0.00048583683248971,0.00207449346879042
"ENSMUSG00000019790",1.34404066972127,10.3873747722955,16.8914459948113,0.000494096852641636,0.00209689883804011
"ENSMUSG00000055639",1.43853027709375,10.3978923136637,16.8144420991255,0.00050567767124917,0.00212131960095382
"ENSMUSG00000028180",-1.46510355298004,9.30805016647353,15.9640430827813,0.000505946916319445,0.00212131960095382
"ENSMUSG00000018286",-1.62126397352563,9.13138128102761,15.7203836263102,0.000525590690404448,0.00219048575162572
"ENSMUSG00000027981",-1.87612991460055,9.81492544701228,15.8822425095647,0.000535125015191454,0.0022102787212944
"ENSMUSG00000036192",1.33852421661716,10.5311015238911,16.615570068853,0.000536691241233842,0.0022102787212944
"ENSMUSG00000029559",-1.97469819885333,9.41938161672233,15.593386254639,0.000548066746252421,0.00224384973759815
"ENSMUSG00000046432",-1.57762683912098,9.17854800933522,15.5809221587078,0.000554925069664559,0.00224681280335933
"ENSMUSG00000018770",-1.89027605601524,9.50875686801418,15.6111803264197,0.000555246842209489,0.00224681280335933
"ENSMUSG00000019990",2.4436423347202,9.21290983198227,16.1245918461544,0.000567685964868138,0.00228386954652152
"ENSMUSG00000057522",-1.56812525890694,10.054967213125,15.8658359400446,0.000581735807114158,0.00232448208684166
"ENSMUSG00000068748",1.13325895740609,11.0249911061499,16.3285973082547,0.000584460294823693,0.00232448208684166
"ENSMUSG00000039852",1.35510292218227,9.64002976911506,16.0715015441758,0.00061319354603644,0.00242490175023501
"ENSMUSG00000025151",-1.57216299958245,9.13057538260754,15.1789792876061,0.000630013652620682,0.00247734182047455
"ENSMUSG00000041697",-2.07819530555768,9.0987082701301,15.0554434380885,0.000642700361540651,0.00250863326074254
"ENSMUSG00000038665",2.21459840668809,9.67022927797697,15.8926231356279,0.000645180105851889,0.00250863326074254
"ENSMUSG00000061080",1.41321341156863,12.3648015192571,15.9010379931822,0.00066126943467472,0.00255690848074225
"ENSMUSG00000090223",-1.54761001029891,13.5168046230534,15.8823562777003,0.000665009237739891,0.00255716259374013
"ENSMUSG00000037386",1.3809927753561,10.7958556992416,15.7819687213499,0.000688698173015698,0.00263370290340069
"ENSMUSG00000022935",1.35518701383244,14.5993182614035,15.6952737704766,0.00070175186865631,0.00266895792669285
"ENSMUSG00000021743",-1.73247106546586,9.90159140949119,15.0840347722513,0.000711384303448852,0.00268682072187574
"ENSMUSG00000052504",1.92620769264384,11.1099462940841,15.6661039997227,0.000714169301073294,0.00268682072187574
"ENSMUSG00000045776",-1.35556953225812,10.9126753448385,15.4827282921856,0.000726284581303619,0.00271771004616838
"ENSMUSG00000062151",1.39661837542589,11.451359831725,15.5680483753598,0.000733787274026829,0.00273110129798221
"ENSMUSG00000019370",-1.51736135946122,9.93718622412978,15.0143215744816,0.000750653272125935,0.0027790142414875
"ENSMUSG00000040451",1.47135908769345,8.83297306636941,15.0242290580623,0.000773615321990047,0.00284886912224906
"ENSMUSG00000030795",-1.31205422977222,9.95139095028946,14.9714529237338,0.000780133473765662,0.00285775209337316
"ENSMUSG00000038486",-1.32034829528979,9.52632255034072,14.7471821821803,0.000787836089365327,0.00287085821046213
"ENSMUSG00000061576",1.31440538578607,10.5589560800823,15.2962511812957,0.000796894948378365,0.00288874418787157
"ENSMUSG00000005533",1.08385947944288,9.93217957891322,15.1625841908749,0.000818362553867531,0.00295119345850674
"ENSMUSG00000015092",-1.57373212059599,9.06235266023745,14.3563277101244,0.000823605714814671,0.0029547916366547
"ENSMUSG00000037161",-1.28427617215318,12.8561133582529,15.0759477574491,0.000850828697770489,0.00303680396742698
"ENSMUSG00000030647",-1.46357861680943,9.88602839015731,14.5436103212879,0.000873874868990653,0.00310314749396681
"ENSMUSG00000024991",-1.81780144916259,8.96578442383733,14.1285887598413,0.000880296411849581,0.00311008275455486
"ENSMUSG00000006005",-1.51175079684368,9.50119189926452,14.3037304600318,0.000891524491704513,0.00312456341468783
"ENSMUSG00000040896",1.49381648706824,11.4260072867071,14.896642640171,0.000901615778225007,0.00312456341468783
"ENSMUSG00000042834",-1.77253266946333,10.3364098009534,14.5369318243531,0.000902089478166251,0.00312456341468783
"ENSMUSG00000022240",2.27010087158894,9.40011789664399,14.73700421989,0.000902352365448641,0.00312456341468783
"ENSMUSG00000021313",1.69602627071901,10.5024171989845,14.8562468784587,0.000913388924771438,0.00314712223584614
"ENSMUSG00000057897",-1.29235445298546,9.10740213917862,14.0609094250804,0.000935236334497874,0.00320169932627755
"ENSMUSG00000039218",-1.35348502327203,10.3484623039915,14.5261765674521,0.000938429112874454,0.00320169932627755
"ENSMUSG00000052534",1.3573778056705,10.1577929777852,14.6332342728014,0.000973711895643019,0.00330552484062791
"ENSMUSG00000020524",1.3564825083803,10.0235133020159,14.6067363811864,0.000978359363749065,0.00330552484062791
"ENSMUSG00000023089",-1.53459318530901,9.33881870579486,13.900712512661,0.000993849519964747,0.00332838475640736
"ENSMUSG00000030020",1.55056367868518,10.1366465522347,14.5638166700178,0.000994689697317142,0.00332838475640736
"ENSMUSG00000030122",-1.37083221512936,10.4641664983147,14.2769792014034,0.00102536031629799,0.00341459703417894
"ENSMUSG00000070493",-1.18402992101784,10.1714819557924,14.1779033517547,0.00104384671406604,0.00345960625233316
"ENSMUSG00000028524",1.25882341638615,9.65545962496714,14.3136406341607,0.00105578189629929,0.00347884167526918
"ENSMUSG00000055865",-1.35064222214666,11.3492608052753,14.3182290447117,0.00106347400297066,0.00347884167526918
"ENSMUSG00000027799",1.13657636986517,9.82889992424562,14.3090269527489,0.00106464551269014,0.00347884167526918
"ENSMUSG00000063870",-1.73194889951863,10.1092014572585,13.9185914805458,0.0010744590846445,0.00349450244351668
"ENSMUSG00000040506",1.35763073267169,9.48223202441989,14.2062843638565,0.00108112966666898,0.00349984301396097
"ENSMUSG00000028809",-1.39396231069123,9.47421368737906,13.6357264467255,0.0011236391923832,0.00362061517545698
"ENSMUSG00000109394",1.24887104616639,11.1296266114031,14.1795879510309,0.00112891788184498,0.00362086104038759
"ENSMUSG00000025982",-1.51855873315225,9.29789922400434,13.2801705403985,0.00122993743826809,0.00392677273869079
"ENSMUSG00000021314",1.33840236890087,10.6564027758762,13.8241986529523,0.00126395692926217,0.00401695900806608
"ENSMUSG00000030206",-1.18771888934928,11.5242438420008,13.7584659298207,0.00127994973885957,0.00404929553748299
"ENSMUSG00000031996",-1.30977054933886,10.2015069303558,13.4833262133547,0.0013029979233631,0.00408421975331547
"ENSMUSG00000020462",-1.40005931977435,9.046307053451,13.0479393592826,0.00130829894027268,0.00408421975331547
"ENSMUSG00000020372",-1.35830727196061,9.4724748867177,13.188760485506,0.00131205703856306,0.00408421975331547
"ENSMUSG00000064351",2.245391829851,13.4892548953762,13.6864839466753,0.00131446152980268,0.00408421975331547
"ENSMUSG00000029772",1.64342385087266,9.28150379295266,13.5035860407742,0.00133839959725213,0.00412373390407805
"ENSMUSG00000028936",-1.55718429239116,9.01439347607601,12.944541427274,0.00134258694639022,0.00412373390407805
"ENSMUSG00000057914",2.272343460838,9.62557817360639,13.525015598077,0.00135076831044481,0.00412373390407805
"ENSMUSG00000042302",1.33233441544242,9.10351113110224,13.4227302304158,0.00135087834788764,0.00412373390407805
"ENSMUSG00000022285",-1.32991933087255,9.62301935218113,13.121292073817,0.00137621470308062,0.00418273114997429
"ENSMUSG00000046844",1.43856505897246,9.56942108526336,13.4215709692788,0.00140138142546377,0.00423830583165682
"ENSMUSG00000024500",1.68798786654247,9.59482460802027,13.4168011190888,0.0014066790906792,0.00423830583165682
"ENSMUSG00000022892",-1.13346837319436,10.9578817941656,13.2876759184655,0.00147162823219135,0.00441488469657405
"ENSMUSG00000028034",-1.13596887158663,9.54409650382217,12.9201277285898,0.00148496171674836,0.00443576547148865
"ENSMUSG00000106379",1.43963235726282,11.5809575502411,13.3036235565539,0.00149419447949114,0.0044442707595121
"ENSMUSG00000039585",1.28906987262594,9.62437743370185,13.1737249574191,0.00152526795678986,0.00451738935287551
"ENSMUSG00000054976",1.24911451466467,10.1315414734493,13.1217773836368,0.0015775466924522,0.00465242583875734
"ENSMUSG00000040003",1.78557711917742,11.4314585993141,13.0270051952408,0.00163743748232033,0.00480867716326983
"ENSMUSG00000021730",1.64183687308666,9.31238925925199,12.8743883691146,0.00165399565600767,0.00483689485958546
"ENSMUSG00000031231",-1.64707125393695,9.60735549541889,12.4322827504111,0.00168817644913138,0.00491619585186376
"ENSMUSG00000079037",-1.56284503437329,10.3456028868751,12.6851765733277,0.00169637501555985,0.00491948754512356
"ENSMUSG00000064367",-1.40874811821133,11.3323942482169,12.7900889395485,0.00174363618264588,0.00503556341544204
"ENSMUSG00000024974",-1.0983427971392,9.2686427832499,12.3451472463622,0.00175561179717284,0.00504919756542272
"ENSMUSG00000050071",-1.4658973655492,8.96096494276109,12.1461339143928,0.00178783167700342,0.00512070307487398
"ENSMUSG00000020023",1.20976700903432,9.55896715368361,12.5433421535277,0.00187700446965949,0.00535407832329101
"ENSMUSG00000031818",-1.18127980743205,10.5109230117474,12.4164171236575,0.00192253492704264,0.00546156860906808
"ENSMUSG00000021087",-1.09773811999438,9.32977541277445,11.972978407209,0.00202152235039261,0.00571942908891568
"ENSMUSG00000026353",-1.48249254803077,9.48646029645492,11.9136127075808,0.00203992997566024,0.00574814276542318
"ENSMUSG00000038349",1.80759866694139,10.6262216272945,12.2533491286718,0.00212060419687197,0.00593720282365044
"ENSMUSG00000022307",1.41933950128839,9.98443195823116,12.2216890918527,0.00212408549294391,0.00593720282365044
"ENSMUSG00000031523",1.21456555234827,10.4444401296215,12.2117233626196,0.00214402604791461,0.00596896851739427
"ENSMUSG00000041488",-1.21833087934361,9.96769515148671,11.8359026357934,0.00225218046666458,0.00624509005895837
"ENSMUSG00000020719",-0.983506099568136,10.5356877025571,11.9563141480755,0.00227196865538758,0.00627496104821332
"ENSMUSG00000095407",-1.39580836976665,9.07462579119543,11.4679540446124,0.00231491554203694,0.00636830520655223
"ENSMUSG00000029763",1.66023565010691,8.85353200424911,11.7454937694584,0.00232664608442554,0.00637537667228417
"ENSMUSG00000055022",1.43681270833126,10.5619888602271,11.7714039468547,0.00249525114548131,0.00681056783237252
"ENSMUSG00000042757",1.40988001009647,9.32618224272257,11.6348741291345,0.00252534406139319,0.00686577916691273
"ENSMUSG00000022108",-1.07658534390007,10.7291031817704,11.6361416057216,0.00255170566962629,0.00691045582124475
"ENSMUSG00000024576",-1.27513054245987,9.96359230188355,11.4188345102731,0.00260158167587982,0.00701822033493159
"ENSMUSG00000039578",1.87006546653149,9.84464570004313,11.5651542080064,0.00264928992872231,0.0070927028626773
"ENSMUSG00000038128",1.09274469899072,10.8667040199504,11.5967887965714,0.0026495729084714,0.0070927028626773
"ENSMUSG00000026878",-1.14134126102885,9.43673150156285,11.2213356340116,0.00267296129147102,0.00711223614493808
"ENSMUSG00000025571",1.00782710697968,9.14070954489494,11.4243017556407,0.00267730728444508,0.00711223614493808
"ENSMUSG00000020402",-1.00907427180318,10.7916684954492,11.4509060208124,0.00273237252403355,0.00723091740200513
"ENSMUSG00000022205",-1.36777684068044,9.62044208005707,11.1413419851255,0.00275883221393891,0.00727328492765713
"ENSMUSG00000007653",1.65671997002696,9.50041636520822,11.3875659267603,0.00278093486263995,0.00730388929961285
"ENSMUSG00000031839",-1.47148112516689,9.26366292665722,10.9183592025078,0.00286960534597199,0.00750844105562596
"ENSMUSG00000037058",-1.24224955867127,9.45884667058397,10.9684857803701,0.00291764828657534,0.0076055550841065
"ENSMUSG00000027805",-1.15449605460481,9.38163049357198,10.9096781547475,0.00297820928417174,0.00771403212677224
"ENSMUSG00000037601",-1.30883968034045,10.8240055732673,11.1841390210043,0.0029814290834795,0.00771403212677224
"ENSMUSG00000002107",1.00068007780618,10.6793091623812,11.2391994924903,0.00299773501111249,0.00771647406690951
"ENSMUSG00000030970",-1.24423713072167,9.53509649964059,10.910465069992,0.00300454665536276,0.00771647406690951
"ENSMUSG00000044349",-1.39861103465712,10.6608882305237,11.0969668157896,0.00304522785955306,0.00779220069944459
"ENSMUSG00000042712",-1.32027727046384,9.51988934047487,10.7957105501966,0.00311329158281198,0.00793718293639976
"ENSMUSG00000027620",-0.879534880581259,10.5890763949131,11.015735118658,0.00317357248669125,0.00804760706271474
"ENSMUSG00000038619",-1.12250444013095,9.02638024848828,10.6490165939136,0.00318015874316136,0.00804760706271474
"ENSMUSG00000019943",-1.30970841763724,10.2059496369371,10.8994025461476,0.00319129245590412,0.00804760706271474
"ENSMUSG00000029422",-1.31133834174799,9.73401136942157,10.7399920312568,0.00324456618802885,0.00815241179374757
"ENSMUSG00000022540",-1.21088621818356,9.78608600843479,10.7203010827957,0.00330608810584797,0.00827711266787836
"ENSMUSG00000061904",-1.31353930027816,9.41137300246131,10.5269860470873,0.00340737234849586,0.00850011166506495
"ENSMUSG00000027581",-1.32383732491371,9.30814821525894,10.317765694226,0.00365182768958641,0.00907740025697194
"ENSMUSG00000040681",-1.22496539078703,10.0988591508398,10.4589928908877,0.00373499472056231,0.00925109012637497
"ENSMUSG00000020577",-1.37781289147481,9.26588201967972,10.2084904679006,0.00378458677021311,0.00934068224137704
"ENSMUSG00000053825",1.11730941380667,10.5612110639364,10.5261306028311,0.00386008520183027,0.00949335441863557
"ENSMUSG00000032216",-0.878317585243831,10.6030007999444,10.4319414960542,0.00391662775269196,0.00959849618265353
"ENSMUSG00000039485",-1.28004694438684,9.47461742578579,10.1684786021581,0.00393910917104427,0.00961971923876073
"ENSMUSG00000033629",-1.11913606983618,9.28189598989499,10.0548942457825,0.00407886765855679,0.00992619542082351
"ENSMUSG00000047888",1.2526753598556,9.36488526172923,10.2044030999368,0.00422746210619184,0.0102273314351637
"ENSMUSG00000030779",-1.46391105328798,9.30839721064208,9.91359832300458,0.00423199921455051,0.0102273314351637
"ENSMUSG00000002228",-1.37399094857679,9.09654991839773,9.8625352500397,0.00426548209335364,0.0102725797127133
"ENSMUSG00000032625",0.990584556048996,11.4923477697744,10.227507697989,0.00430151048299382,0.0103236251591852
"ENSMUSG00000037710",-1.20626749546863,9.27755693916786,9.82772073649797,0.00442133023744021,0.0105569100158834
"ENSMUSG00000031748",-1.12393722713474,9.6023978508345,9.91437150227455,0.0044290484549396,0.0105569100158834
"ENSMUSG00000000197",1.21201074337939,9.22125933277419,10.0030092464525,0.00450952477772597,0.0107120452057927
"ENSMUSG00000059974",0.998090520417333,10.8101185982029,10.027546159207,0.00462732974036632,0.0109544948955611
"ENSMUSG00000071753",1.0181434420384,9.29149210367264,9.83048207805156,0.00482402777954669,0.0113404981515597
"ENSMUSG00000035851",-1.29713552255454,9.54217900188534,9.6416593967704,0.00483931282212124,0.0113404981515597
"ENSMUSG00000059005",1.35172640986348,9.02613662693059,9.78560672059731,0.0048396689924071,0.0113404981515597
"ENSMUSG00000023004",-1.17927402216871,9.59811721811826,9.66270301310595,0.00485555811661607,0.0113404981515597
"ENSMUSG00000063511",-1.17679455040358,10.1653132625118,9.75795895880605,0.00488131011972584,0.0113625145261846
"ENSMUSG00000069601",1.11155503067114,9.92070059950723,9.83139194902669,0.00493302303914684,0.0114446134508207
"ENSMUSG00000026032",-1.21491597312445,9.033850793116,9.46436782586729,0.00499887402281065,0.0115588582055688
"ENSMUSG00000026034",-1.13436845655415,9.19485726506574,9.47241079969404,0.00507386317121175,0.011693406513786
"ENSMUSG00000040433",-0.975543614653071,9.30395698292794,9.47848315225771,0.00515055261985741,0.011794263306529
"ENSMUSG00000093674",1.79595572003728,10.0062772946539,9.7282621249512,0.00515623692186989,0.011794263306529
"ENSMUSG00000024857",-1.8738959808114,9.13687749026861,9.33599341383156,0.00516846308691283,0.011794263306529
"ENSMUSG00000063229",-1.21711335565755,10.6061545154388,9.61073490335981,0.00526012898665199,0.011964214950032
"ENSMUSG00000028005",-1.09469949395141,10.0603236972064,9.43453585659955,0.00550230142765924,0.012474272943488
"ENSMUSG00000098274",2.23938881575582,8.92846727752642,9.3950721190472,0.0055380675990409,0.0125145943147158
"ENSMUSG00000075330",-1.36501058181551,9.75623584347945,9.300808050682,0.00559109756469207,0.0125750288351354
"ENSMUSG00000045038",1.24333268823871,9.3450068513618,9.44371622742277,0.00560094675128156,0.0125750288351354
"ENSMUSG00000040118",1.05779185139636,12.1511227283163,9.42322796332825,0.00578215314485505,0.0129401240798042
"ENSMUSG00000091402",-1.19881873045359,9.03528070731911,9.08462527913402,0.00582259803988916,0.012988872550522
"ENSMUSG00000060206",0.964840901561338,9.18719248768783,9.27590643825901,0.0059064028766485,0.0130971397924657
"ENSMUSG00000110344",1.02019269168795,9.55500953340389,9.32010102245153,0.00590876709027907,0.0130971397924657
"ENSMUSG00000055065",-1.29350651228978,9.70252247778767,9.11850443652578,0.00601657573235413,0.0132937673324396
"ENSMUSG00000038872",1.0466378119643,10.6424976305046,9.28530174157642,0.00609542762760403,0.0134253722430772
"ENSMUSG00000040785",-1.08230046319659,11.0331709470649,9.19804943713202,0.00623831594195022,0.0136967441501494
"ENSMUSG00000037747",-0.878538305397374,11.600600019381,9.19336253296209,0.00629858954994316,0.0137855922225171
"ENSMUSG00000031229",-1.1094019525057,10.0441449468944,8.85387458070418,0.00687446394470013,0.0149988304248003
"ENSMUSG00000022629",-1.18979975633495,9.56238231680273,8.71326948524868,0.00702180640692033,0.0152724289350517
"ENSMUSG00000058318",1.14633664723754,9.17271596244238,8.82030712416955,0.00705202272724182,0.0152903670347673
"ENSMUSG00000020102",0.923504910007682,9.4423674529228,8.78719659097331,0.007215759497464,0.0155967969261955
"ENSMUSG00000027404",-1.11362322640434,9.76299941561807,8.6466704004402,0.00733157477956671,0.0157980682556608
"ENSMUSG00000005161",-1.30415892814517,9.43433125723716,8.50011528665258,0.00753260325664813,0.0161811477365034
"ENSMUSG00000037608",-1.19307708285053,9.50075217732815,8.47016672956515,0.0077109485672335,0.0164714141187173
"ENSMUSG00000021010",1.57779906064542,9.25727948247019,8.60290572822879,0.00771505891192793,0.0164714141187173
"ENSMUSG00000047187",-1.48742291391191,9.61204314549232,8.38252794162884,0.00792288722179077,0.0168633929858299
"ENSMUSG00000047454",1.03985964449165,10.6830046909542,8.52616278242746,0.00815347088124318,0.0172864246830198
"ENSMUSG00000000826",-0.97760141910252,8.94049035334515,8.25733251979731,0.00817131281711712,0.0172864246830198
"ENSMUSG00000044408",-1.24542939224283,9.20545281652832,8.2105913776877,0.00837289225026023,0.0176141730994246
"ENSMUSG00000024608",-1.00622841320391,10.6135988842125,8.4139569650513,0.00837685531021488,0.0176141730994246
"ENSMUSG00000022658",-1.40739628924106,9.18450490549055,8.10505862994525,0.00866809914034587,0.0181716777159058
"ENSMUSG00000040459",-0.982661639614899,10.1188934396429,8.20467959695802,0.00895361705658453,0.0186590602112953
"ENSMUSG00000026468",-0.883617174294892,10.4108993072982,8.23757434272643,0.0089542041818572,0.0186590602112953
"ENSMUSG00000038762",-1.79601755136946,8.8459219237638,7.93470262045021,0.00916158642780075,0.0190342213544756
"ENSMUSG00000027784",1.20213199453676,10.1601732760041,8.11541919119641,0.0095545597772764,0.0197915881100725
"ENSMUSG00000030729",-1.14416774662248,9.72866356367411,7.96850354757567,0.00960861012018304,0.0198444885568172
"ENSMUSG00000055567",0.808060639863087,9.9674975731541,7.98774652218181,0.0100120619037738,0.0205815299042916
"ENSMUSG00000034892",2.6713671485814,10.1313237081407,7.99479812888945,0.0100246244792455,0.0205815299042916
"ENSMUSG00000058799",-1.15153396511051,10.0154154384707,7.82322336623615,0.01035403131548,0.0211953111634531
"ENSMUSG00000036438",-1.02878837192595,10.6424328372805,7.83156684697436,0.0105719306088877,0.0215778994245918
"ENSMUSG00000048015",-1.07758868514085,9.89896359612719,7.75385319348647,0.0106108842305212,0.021594080188429
"ENSMUSG00000042750",-1.18706601258308,9.82802064119053,7.70435796186704,0.0107463069425355,0.0218059172944743
"ENSMUSG00000010803",-1.02977566626637,10.7114317918737,7.75271289806394,0.0109316655720174,0.0221175559247794
"ENSMUSG00000066456",-1.33335822407363,10.3044840748323,7.68718447824928,0.01100948030809,0.0221507268801623
"ENSMUSG00000061601",1.01996195223483,10.4405569073392,7.76402634849235,0.0110117119260577,0.0221507268801623
"ENSMUSG00000020623",0.941215694811222,9.1612552567452,7.68904093104306,0.0110481566357384,0.0221599914077059
"ENSMUSG00000031954",-1.10886755558678,9.20953009954036,7.54385205355986,0.0111155183266424,0.0221676418541194
"ENSMUSG00000028559",0.967153968566787,9.64767505610482,7.71705694408436,0.0111156709871949,0.0221676418541194
"ENSMUSG00000022403",-1.24842557948555,9.51795325135969,7.56532947629522,0.0111584433755858,0.022189361684022
"ENSMUSG00000026374",-0.976425340625506,8.92798514194386,7.34842116402921,0.0119544031661303,0.0237044575601901
"ENSMUSG00000025189",-1.01274188293015,9.86503329549718,7.40207767661645,0.0122859026955348,0.0242925803298074
"ENSMUSG00000027304",-1.18965954280749,9.00708495903705,7.25752920164796,0.0123905721102395,0.0244301365119736
"ENSMUSG00000024044",0.987043937520391,10.5503950796176,7.43677923724561,0.0125793903926259,0.0247323607719425
"ENSMUSG00000086859",-1.08551208073753,9.12315601966177,7.23176475106467,0.0126484101146977,0.0247980096896609
"ENSMUSG00000010376",-1.08378631567454,9.52249931837915,7.19975818646175,0.0131008671064497,0.0256129311968791
"ENSMUSG00000004347",1.03386645017167,10.2170317070161,7.28321199570611,0.0133733980130196,0.0260725070505929
"ENSMUSG00000027506",-1.05132199579067,9.19134925411017,7.07925353441233,0.0135729044613252,0.026387546103582
"ENSMUSG00000007950",-1.37430543952511,8.93740981851108,6.94618057275558,0.0140728962848001,0.0272833866691388
"ENSMUSG00000053819",1.01486289736901,9.62413652706052,7.12998517213108,0.0141262250494459,0.0273107017622621
"ENSMUSG00000019210",-1.20371486604898,9.06919701001652,6.94047770418947,0.0142389765185098,0.0274524311825008
"ENSMUSG00000033713",1.01632445400985,9.53746399007628,6.99368070596085,0.014931932658602,0.0287089091999641
"ENSMUSG00000026872",0.856204362544909,10.7463526692093,6.98229296603363,0.0151807671811852,0.0291069255044213
"ENSMUSG00000054428",-1.17271153063831,9.49502125023922,6.70326673750497,0.0161408680365072,0.0308627586632116
"ENSMUSG00000056851",-0.981892880915474,9.92954725465621,6.73347379753578,0.0163509300189638,0.0311787597073939
"ENSMUSG00000030231",0.969483572241108,9.50159979147741,6.75795246934766,0.0164622824886008,0.0313001824790791
"ENSMUSG00000021268",-1.15933004261836,10.5701968606569,6.74028821826148,0.0165482951016709,0.0313001824790791
"ENSMUSG00000078851",-0.882993192049487,9.68588784534011,6.68844965977867,0.0165495217705475,0.0313001824790791
"ENSMUSG00000023456",-0.832046483956062,10.8455932023347,6.71374669575049,0.0168873726743639,0.0318526053695319
"ENSMUSG00000036572",-1.04998990296155,9.39337627753445,6.55783166055684,0.0171991755841154,0.0323530438014712
"ENSMUSG00000020436",-0.833675402648763,10.0853509389388,6.55234421728188,0.0178295003505297,0.0334483348894034
"ENSMUSG00000037032",-1.21634033600974,9.13852218189107,6.39844535010331,0.018127024506524,0.0339150781089803
"ENSMUSG00000063142",0.686366434017923,11.805355123668,6.38588552462114,0.0195416432709745,0.0364637633152768
"ENSMUSG00000022257",-0.933293703784529,9.28079737989029,6.23994076873911,0.0197497547634363,0.0365675356248501
"ENSMUSG00000027016",1.07318458735481,11.234977291435,6.3620756577881,0.0197531346815172,0.0365675356248501
"ENSMUSG00000028618",-1.13255613367148,9.1817534007625,6.21685569728446,0.0197548755674478,0.0365675356248501
"ENSMUSG00000043384",-0.887951702460964,9.26751330706144,6.17159816309731,0.0203882572227334,0.0376398594881231
"ENSMUSG00000085139",-0.928863653128796,10.8844518341189,6.22535904591048,0.0208197744110347,0.0383348227250798
"ENSMUSG00000060373",-1.03163002837542,9.89333996104376,6.13930105856681,0.0211120072256965,0.0387703351690891
"ENSMUSG00000024261",-0.946544181145325,9.90983100231361,6.09882549142659,0.0215614542253169,0.0392918662400196
"ENSMUSG00000024758",-0.832604621991873,9.68898351143614,6.08747798931107,0.0215702762609983,0.0392918662400196
"ENSMUSG00000040225",-0.833216013570418,9.8697135817227,6.08998152365997,0.0216677521338698,0.0392918662400196
"ENSMUSG00000030849",-0.828946108321093,9.88786267512762,6.08704664911815,0.0217114069474044,0.0392918662400196
"ENSMUSG00000055302",-0.841902771960152,9.69835268176162,6.07132747199415,0.0217191806400546,0.0392918662400196
"ENSMUSG00000028572",-0.999174197687782,10.2282019264111,6.09919018640945,0.0217347248597809,0.0392918662400196
"ENSMUSG00000024661",-0.929677665299581,10.1732108787342,6.05815551196594,0.022117846419197,0.039880883698863
"ENSMUSG00000022961",-1.0839972387488,10.3392721682065,6.0199676070561,0.0225330921207314,0.0405246307907727
"ENSMUSG00000055430",-1.01453702221545,9.77466988495767,5.97421596802054,0.0226391904863191,0.040610506645562
"ENSMUSG00000029817",-1.02569331716426,9.70249015227165,5.94654624064541,0.0228700995576647,0.0409192526790094
"ENSMUSG00000029004",-0.864474723852084,9.94108553542836,5.95319296760044,0.0230600869656858,0.0411270098847239
"ENSMUSG00000047459",-1.28548127980349,9.56053630056945,5.89313772419399,0.0231043977944354,0.0411270098847239
"ENSMUSG00000044894",-1.16502721269494,9.38972995760174,5.85781993875336,0.0233976218036935,0.0415427162637008
"ENSMUSG00000032384",0.877648164900827,9.39574153073034,5.90740025067468,0.0237462177627968,0.0420543703890753
"ENSMUSG00000022661",-0.957428263998178,9.73223171040267,5.81905986199975,0.024284375069325,0.042898286924493
"ENSMUSG00000084786",-1.0786101434081,9.458639535639,5.70229387748446,0.025260720747308,0.0445100294686744
"ENSMUSG00000022450",-1.59477882278753,9.23437928241746,5.63199708196974,0.0255168929469292,0.0447509235842627
"ENSMUSG00000021134",-0.780017030336113,9.36153163309882,5.68475871408282,0.0255651667459879,0.0447509235842627
"ENSMUSG00000033910",-0.880638034517268,10.2854855266172,5.73801412879783,0.0255903269921502,0.0447509235842627
"ENSMUSG00000064345",0.767096272190035,11.856621230854,5.70140952110248,0.0263627812881758,0.0459862049538104
"ENSMUSG00000037742",-0.833767960761859,10.8866009709238,5.68221610814719,0.0264708452246242,0.0460592706908461
"ENSMUSG00000006651",-0.769900268897561,10.5523740847155,5.66475126929215,0.0265934465034375,0.0461572039062157
"ENSMUSG00000003970",-0.882599681701308,10.2569619255673,5.61055063668546,0.0270820510660604,0.0468883272188508
"ENSMUSG00000032076",0.827726426592129,10.2480091699572,5.61958397429041,0.0272939906851142,0.0470422420970753
"ENSMUSG00000021991",-0.948127631127885,10.003293061387,5.57760405219805,0.0273061290333598,0.0470422420970753
"ENSMUSG00000028419",-1.07481227786677,8.94771256396147,5.45305304979528,0.0278114176731675,0.0477944362975915
"ENSMUSG00000046364",1.34745967860513,9.39034632685168,5.5392673552109,0.0280859676592926,0.0481473731302158
"ENSMUSG00000029291",-0.872073101765865,9.73763616379646,5.44847677544803,0.0287916562918747,0.0492358544942132
"ENSMUSG00000024425",-0.650881597387611,10.5680458468415,5.45594767375016,0.0292534531825865,0.0499029495467651
"ENSMUSG00000021520",-0.786993624300366,9.41904623709775,5.36224367844543,0.0297085404447796,0.050555364668867
"ENSMUSG00000041453",1.97923511510417,9.57707212401949,5.40630200284791,0.0299442297457153,0.0508321558610191
"ENSMUSG00000028964",-0.890947071387901,9.53063695944656,5.31651033112708,0.0303759422132659,0.0514395517772093
"ENSMUSG00000040797",0.843713457650664,9.70561517405919,5.33079342609743,0.0309436647554556,0.0522737637616434
"ENSMUSG00000026083",-1.21055905566574,9.23311659325769,5.23241739006423,0.0310352129900559,0.0523014727386899
"ENSMUSG00000059824",-0.989546146668434,9.58029675163883,5.25590641152327,0.0312323260541757,0.0525065191635418
"ENSMUSG00000079523",1.14987180002251,11.3014816776552,5.27282471962554,0.0319951758366661,0.0536593792345051
"ENSMUSG00000026743",0.703241577584122,9.32492348541398,5.19078069255988,0.0327676466926857,0.0548227935050703
"ENSMUSG00000031673",0.899608091518197,10.8321461155003,5.20115985481369,0.0330536290328756,0.0551686470189003
"ENSMUSG00000021843",-0.946451260050936,9.85285615959658,5.10071043570817,0.0338862168564548,0.0563178388965836
"ENSMUSG00000070570",0.859025585853249,9.58029818226953,5.12874683493972,0.0339039863472249,0.0563178388965836
"ENSMUSG00000055013",0.785360677445342,10.3458338778983,5.12526913918864,0.0341799171142764,0.056641005503658
"ENSMUSG00000041841",1.0884992940952,10.0549093405419,5.06393155015154,0.0351497092158173,0.0581097330503773
"ENSMUSG00000030629",-0.802804578829466,9.17819190441987,4.97630234145428,0.0352997356905409,0.0582194692905603
"ENSMUSG00000022400",-0.94666249553947,9.08697232641618,4.91212169780881,0.0361731177226949,0.0594736217364758
"ENSMUSG00000027273",-0.626441120684342,11.9726730829273,5.0015009894657,0.036231056919922,0.0594736217364758
"ENSMUSG00000020444",-0.958240024522982,9.56807982375724,4.87077279569609,0.0374477135868035,0.0613261380150947
"ENSMUSG00000006699",-1.02274331969213,9.9705569071378,4.88021903553863,0.0376313222487323,0.0614821602937035
"ENSMUSG00000012848",-0.908481546709336,9.75360478168033,4.83785816977506,0.0382589178739721,0.0623611401411817
"ENSMUSG00000051527",0.916217917354382,9.39698690270952,4.84966732398006,0.0385104636040992,0.0626244922160118
"ENSMUSG00000057113",-0.941554379036281,9.42614453536971,4.78706543349177,0.0388275783453062,0.0629078056026174
"ENSMUSG00000026904",0.691430475541821,9.16632326489204,4.8158555473239,0.0388988219559439,0.0629078056026174
"ENSMUSG00000020849",-0.850308223849749,10.0423623870626,4.81532294897054,0.0389558393889771,0.0629078056026174
"ENSMUSG00000046500",0.923601507577984,10.1534392373437,4.83620364796524,0.0390651609508287,0.062938314865224
"ENSMUSG00000025362",-0.85198797881149,9.40354742616914,4.73255717299618,0.039899580777837,0.0641341991255764
"ENSMUSG00000024953",-1.17154287542451,8.9625743780088,4.67903502815405,0.0401916329472331,0.0644547846342724
"ENSMUSG00000026748",0.826136199362122,9.38122864279884,4.74100020499138,0.0405103876456426,0.0648166202330282
"ENSMUSG00000047215",1.82149526561759,9.84800589157262,4.72512104774216,0.0411691204510045,0.0657195133805025
"ENSMUSG00000006273",-0.859699851104726,9.44992571759666,4.66414268804606,0.0412877371366098,0.0657580435859964
"ENSMUSG00000031906",0.594237030106374,9.50424692736743,4.62142788251756,0.0429252769141313,0.0682100290690306
"ENSMUSG00000022194",-0.791504929216028,9.48438474204182,4.54339677479367,0.0438588675209967,0.0695347876870472
"ENSMUSG00000002058",-0.705321232557387,11.186563805306,4.56818919064778,0.0443552996638905,0.0701620194683358
"ENSMUSG00000042541",-0.931737667513074,8.98348813613657,4.44753001403789,0.0452324747626594,0.0713873071084149
"ENSMUSG00000032330",-0.80592708064124,9.78296877112434,4.43638240094219,0.0465050609884935,0.073188701511278
"ENSMUSG00000022048",0.791612321622799,9.13110407683912,4.44087407704395,0.0465841878872071,0.073188701511278
"ENSMUSG00000033475",-1.08691251953663,9.31737419476063,4.39407769785468,0.0467152119411894,0.073197199079744
"ENSMUSG00000022201",-0.718065105303424,9.73476531918911,4.4239793463777,0.0467999333196639,0.073197199079744
"ENSMUSG00000026238",1.05070932759849,9.86974741179654,4.44063279223977,0.0470896248052574,0.0734851544046169
"ENSMUSG00000064358",2.63101814518507,13.7421785324046,4.43311577330709,0.0473495048567825,0.0737254035353929
"ENSMUSG00000020496",-0.831815716447648,9.08697757039495,4.30848558092997,0.0486722009794577,0.0756157408073717
"ENSMUSG00000033392",0.7442776563302,9.48956484737764,4.3482675596183,0.0489776315607313,0.0759207829983719
"ENSMUSG00000022332",0.895347837276357,10.4824775466822,4.32626641662297,0.0498648010240774,0.0771242255839064
"ENSMUSG00000032826",0.822272672386172,10.1794636624101,4.30600979478057,0.0502974168734153,0.0776208473257141
"ENSMUSG00000064357",2.48728020817245,13.2276191270756,4.26466670444155,0.0513702478593086,0.0791010896240681
"ENSMUSG00000035649",0.742405195256319,9.14165212942435,4.16967146815437,0.053134804853412,0.0816375809668317
"ENSMUSG00000054423",0.702682386671245,12.299636333473,4.17136848714838,0.0537744844613871,0.0824384167073246
"ENSMUSG00000092341",0.743139913061628,15.7899785232166,4.15239524400411,0.0542511741773177,0.08298641148882
"ENSMUSG00000022311",1.26323773872078,10.6777898938577,4.1030146268779,0.055634868304467,0.084916377938397
"ENSMUSG00000039542",0.583151549044941,10.2076265640183,4.08681735441218,0.0559639555645457,0.0851823700308125
"ENSMUSG00000006333",-0.977463766759731,9.84043647556658,4.0546114314904,0.0560539159110806,0.0851823700308125
"ENSMUSG00000024304",0.715232590679162,9.57243694461137,4.03676210771046,0.0571146484317918,0.086605218537096
"ENSMUSG00000026490",0.65335931141029,9.33693200027598,4.023814433068,0.057295633326327,0.0866907843372252
"ENSMUSG00000024038",-1.01827515753989,9.4864221788855,3.97605979018022,0.0578374828818913,0.0873207984507514
"ENSMUSG00000036751",-0.952307197108164,9.92217030294329,3.97027551266103,0.0585713385455613,0.0882373411855209
"ENSMUSG00000026163",0.688355825290362,12.1709218935251,3.98386191391253,0.0589757649222671,0.0884874205028048
"ENSMUSG00000034160",0.601788972306484,9.16091832369039,3.95924224061704,0.0589916136685365,0.0884874205028048
"ENSMUSG00000021546",-0.689706399832937,9.48941929070081,3.93833462103914,0.0592367716212562,0.0886120454557594
"ENSMUSG00000027777",-0.646441684864992,9.34808142848787,3.93086040762939,0.0593293292850343,0.0886120454557594
"ENSMUSG00000004319",-0.610438745068823,9.48464619562253,3.93172508307766,0.059496515707384,0.088671466664538
"ENSMUSG00000064354",2.38268589148459,12.9170207485322,3.91718359741502,0.060947567698325,0.0905104536169749
"ENSMUSG00000052632",0.70565173758693,10.7915010595346,3.91638104049447,0.0609905211873006,0.0905104536169749
"ENSMUSG00000025739",1.07244384159078,9.54040835298418,3.87079006683328,0.0621381014896958,0.0920172736953793
"ENSMUSG00000036199",-0.733753632535292,9.3688286007577,3.82397578833276,0.0625827272755817,0.0924789345728341
"ENSMUSG00000025892",0.864761366181278,9.5199406083527,3.79499408331235,0.0644654987439365,0.0950592947580081
"ENSMUSG00000029108",1.1325401079052,10.0504293837386,3.73694686912478,0.066646435823395,0.0980674827337905
"ENSMUSG00000076432",-0.659616816418153,9.6542947962168,3.70663445931336,0.0668505361562789,0.0981602809383335
"ENSMUSG00000025035",-0.788651144934606,9.34716576138823,3.68696788332074,0.0670335296379831,0.0982217613221815
"ENSMUSG00000071648",-0.696798411508006,9.26865184022619,3.63892342307354,0.0687006035610434,0.100452983358164
"ENSMUSG00000047675",0.924436795594508,9.92362610277375,3.64999586452278,0.0695966061646717,0.101549764969835
"ENSMUSG00000028456",0.720125850418118,10.4963136216453,3.62297307053875,0.070660867363528,0.102886953315932
"ENSMUSG00000055839",-0.710947658838661,9.3265050379684,3.56209421982316,0.0715463497800874,0.103958787989438
"ENSMUSG00000071172",-0.706010471006321,9.44416833628241,3.54892271856659,0.0722070924440626,0.104700284043891
"ENSMUSG00000045193",-0.841255948410054,9.3025824214044,3.53070722297941,0.0725713792380787,0.104996231037192
"ENSMUSG00000019986",-0.624658525968713,9.67394458191143,3.54419040927779,0.0727129071263311,0.104996231037192
"ENSMUSG00000031708",-0.718811133266073,9.56303526039238,3.42124110255103,0.0772994039787979,0.111387961012926
"ENSMUSG00000016541",-0.659330661064851,9.29707893729707,3.39393003282257,0.0781290835731312,0.112350913567974
"ENSMUSG00000057841",-0.708909738808918,9.94076204740396,3.33821328525275,0.0811607856367573,0.116469910934398
"ENSMUSG00000031059",-0.818564326106376,9.04340731234802,3.29382934153367,0.0818400649963214,0.117203056044115
"ENSMUSG00000024026",-0.726967805603936,9.21323240159516,3.29253283767297,0.0822257976820035,0.117513665681056
"ENSMUSG00000042133",-0.79249853243153,9.39973289718213,3.28141225558539,0.0829144666939136,0.118255059055254
"ENSMUSG00000017390",-0.692462619555453,9.87353531849655,3.25516589382157,0.0847307624681626,0.120598385844256
"ENSMUSG00000028488",0.574087295229226,10.1475312852843,3.2521229434415,0.0854840514135235,0.12142224445676
"ENSMUSG00000049122",0.620740979794897,10.3499999317301,3.21611171040649,0.087171009495291,0.123566237492307
"ENSMUSG00000024121",1.77725266535735,10.0311857175936,3.21115405649228,0.0874350317472589,0.123688581496122
"ENSMUSG00000021239",-0.668168910184251,10.8448244890169,3.19803385158766,0.0879277867281684,0.124133345969179
"ENSMUSG00000048388",-0.579771472168322,9.56829264825853,3.17172661573156,0.0882994806885943,0.12440574607138
"ENSMUSG00000109321",0.496361885240822,10.6026977620145,3.1696338259009,0.0893656236127356,0.125653482897907
"ENSMUSG00000001120",0.585148926796195,11.0264684911413,3.13730867231327,0.0909440375552532,0.127615020440436
"ENSMUSG00000055407",-0.667795604740695,9.44051938111107,3.09596931418575,0.0917272437001175,0.128303006077743
"ENSMUSG00000100252",-0.461942954230481,11.6136555056224,3.11930761523032,0.0918030129694196,0.128303006077743
"ENSMUSG00000017376",0.504200410704827,10.1870304116017,3.11164642143925,0.0920550887829528,0.128397478542956
"ENSMUSG00000064363",0.621241282049328,12.5387617908476,3.102982585115,0.0925913777924608,0.128887197887105
"ENSMUSG00000060636",0.802395453249902,9.3744876371078,3.06816625415161,0.0938415269639599,0.130366672189453
"ENSMUSG00000061136",-0.512187877653338,9.22826610193438,3.01731992058955,0.0955407522474274,0.132462875625915
"ENSMUSG00000063882",-0.747162480156708,9.1524462916717,2.97717049849212,0.0973081370661603,0.134645056457351
"ENSMUSG00000053477",0.539696311482003,10.3159474411732,2.9765722866122,0.0989820176447288,0.136689452937959
"ENSMUSG00000038056",0.59554684125789,9.18421882278266,2.87440949042391,0.103906270853115,0.143205474284689
"ENSMUSG00000040407",-0.56558268199746,9.43300174237901,2.8505815632671,0.104866157276362,0.144242777597525
"ENSMUSG00000036766",-0.498993968489273,10.145410259825,2.84212661939288,0.106104830457199,0.145658702166096
"ENSMUSG00000049336",1.04125843151054,9.84091284617131,2.83910048082358,0.106524778564935,0.145947334411801
"ENSMUSG00000016559",-0.535602648042485,11.6591514630688,2.81781192894181,0.107940213390389,0.147596048172319
"ENSMUSG00000028280",-0.600273655821709,9.55169023535499,2.75356797916496,0.110752189508735,0.151144164506038
"ENSMUSG00000015656",0.842477791680261,9.86761780075659,2.7517796669722,0.111745665823662,0.152201533098373
"ENSMUSG00000018501",-0.542445159596296,9.60849180242258,2.69303712279393,0.114639822760374,0.155838509064884
"ENSMUSG00000071866",1.20632577774561,10.2958080342316,2.66768317749639,0.117199637352117,0.159007695121001
"ENSMUSG00000064370",0.511449466341406,13.6018223811521,2.62238371059445,0.120158083173589,0.162704330522993
"ENSMUSG00000005610",-0.691894777007566,9.0944524924894,2.58679986897807,0.120810947034703,0.16327071676923
"ENSMUSG00000019302",-0.590293999416225,10.3240043295643,2.58680484714355,0.122239745966787,0.164881517815666
"ENSMUSG00000014313",-0.598404271443631,10.9946246571885,2.56882131752916,0.123734141203343,0.166574395120941
"ENSMUSG00000008932",-0.531014005819461,9.80147244835485,2.55009587844746,0.124402032500976,0.167150221275443
"ENSMUSG00000020267",-0.730195518409909,9.00062493354203,2.51313334546104,0.125787308547784,0.168685870422462
"ENSMUSG00000034187",-0.423933080064881,10.2292711376244,2.50565733231022,0.127939819755929,0.171242527981012
"ENSMUSG00000093989",-0.709426043665048,9.13755373936193,2.47469942463232,0.128794058208821,0.172055018259768
"ENSMUSG00000056201",-0.64151326024692,9.57921338387396,2.46592715745809,0.130139589403383,0.173519452537843
"ENSMUSG00000005338",-0.537737531585693,10.4294908058921,2.44242335970954,0.132663842894206,0.176546911385023
"ENSMUSG00000000740",0.70505573560308,10.4129992505233,2.44143093189973,0.132979084821481,0.176628708083494
"ENSMUSG00000022876",0.537936647833352,11.2526268962989,2.39044491495721,0.136929430565383,0.181213877126671
"ENSMUSG00000041571",0.79776874819204,9.60832333983864,2.3862549641088,0.13695186690895,0.181213877126671
"ENSMUSG00000037852",-0.551337307975082,9.92385029648506,2.37302757052957,0.137659345121351,0.181804372304478
"ENSMUSG00000023175",-0.497369995172201,9.95499140557895,2.36378582102781,0.138440323104393,0.18225593274142
"ENSMUSG00000047747",0.481644655139883,9.22909063405765,2.36019034752243,0.138524983362372,0.18225593274142
"ENSMUSG00000038535",0.572317455294434,9.16397898739572,2.35140073455695,0.13918670169711,0.182781027134318
"ENSMUSG00000040430",0.497106178681068,10.3861411325868,2.33870172471817,0.140944062109331,0.184740239600932
"ENSMUSG00000027966",-0.570197245014662,10.1313711188668,2.30108929116666,0.14363192833077,0.187603860899272
"ENSMUSG00000034647",-0.502314443229672,10.2853457725898,2.30213251492764,0.14366789922315,0.187603860899272
"ENSMUSG00000060743",0.717169172838431,10.1777691431831,2.28073744929436,0.14570413522339,0.189906513324868
"ENSMUSG00000011752",1.39524755381337,10.1264781363492,2.27446659052029,0.146294671310021,0.190319796694906
"ENSMUSG00000025290",-0.499759211993864,10.4835072742394,2.26468205445473,0.14690866002176,0.19076199137154
"ENSMUSG00000005089",0.400253341255432,9.86783903760771,2.25628787778339,0.147585342301367,0.191283795608476
"ENSMUSG00000021290",-0.770881003802938,9.54781830768277,2.23838683461042,0.148205859642133,0.191731000577927
"ENSMUSG00000021196",-0.458737145769299,10.2373288736868,2.21747812248298,0.150876192800862,0.194823432633394
"ENSMUSG00000030744",-0.698251912831919,10.4774312940868,2.15072530034201,0.156914087639803,0.202244824069079
"ENSMUSG00000067274",-0.556458163490683,8.9400559216625,2.08949370998076,0.161112324689229,0.207272048029027
"ENSMUSG00000015222",0.446901455930952,9.13966160663997,2.09091469204361,0.16198623212134,0.20801184051006
"ENSMUSG00000027706",-0.53008452007224,9.74475301794259,2.08663560055739,0.162483874628057,0.208266623832648
"ENSMUSG00000072501",-0.515801677458598,10.2583432044641,2.08236521550191,0.163311291842962,0.208942388093201
"ENSMUSG00000057666",1.36859134684506,10.9245775800142,2.04813431897729,0.167042568908669,0.212972916604758
"ENSMUSG00000031840",-0.67224256796808,9.65525235856304,2.03783141930019,0.167073581129594,0.212972916604758
"ENSMUSG00000030519",0.481666942788003,9.24069600212995,1.99651983297663,0.171468526852456,0.218175675848829
"ENSMUSG00000025656",-0.395733385563967,9.44716571201155,1.95613116850345,0.175423294502121,0.222459155896515
"ENSMUSG00000033379",-0.567993736942584,9.38211332986303,1.95110701688794,0.175748002439429,0.222459155896515
"ENSMUSG00000058297",-0.538040258609804,9.09829500659434,1.94718729566631,0.175793873194085,0.222459155896515
"ENSMUSG00000044287",-0.736815333398278,9.1049306628116,1.93637730733775,0.176774007043742,0.223293482581569
"ENSMUSG00000053907",-0.471583571430795,9.66606996024083,1.93277835671986,0.178123203151502,0.224590125712763
"ENSMUSG00000051166",0.412403063831211,10.6719357901337,1.88810611536229,0.183780981983036,0.230859261287035
"ENSMUSG00000025104",-0.533532099336851,9.43728576297038,1.876828088991,0.183976444149248,0.230859261287035
"ENSMUSG00000049470",-0.473671209321202,9.36236462819056,1.87523728011828,0.184090359215954,0.230859261287035
"ENSMUSG00000031592",-0.438853698773673,9.55650778344082,1.87252240352385,0.184663903363296,0.231162008526715
"ENSMUSG00000029544",-0.45223678763749,9.46317670840237,1.83974711327572,0.188287771137768,0.235275204150605
"ENSMUSG00000001289",-0.59850726648025,9.34553404647625,1.7975810399979,0.19296300646815,0.240685040325864
"ENSMUSG00000017421",-0.515631268142355,9.28583288312599,1.75752250592645,0.197828058311347,0.24631185793327
"ENSMUSG00000031144",-0.376252589468568,10.0502782097169,1.71691875181651,0.203738733932825,0.253218140745083
"ENSMUSG00000040268",-0.461175021360406,9.33440875991594,1.70740872959115,0.204215927148191,0.253358797317541
"ENSMUSG00000062006",0.689925455512863,9.45243414817994,1.67244549773037,0.209465077786676,0.259408708433322
"ENSMUSG00000020745",-0.376330849761248,9.66653204152538,1.6560337082346,0.211333349525702,0.261257568863035
"ENSMUSG00000024091",-0.495388608851372,9.13131744257126,1.63215017891912,0.213828227131724,0.263873131354042
"ENSMUSG00000021109",-0.330600737286947,10.6078402062694,1.61533271537761,0.217413151359398,0.267822218311755
"ENSMUSG00000072772",-0.612794743094444,9.36627062028394,1.5999818170574,0.218463548766751,0.26864068894286
"ENSMUSG00000075020",0.489790276472542,9.14277982526389,1.58288794300079,0.22127727186716,0.271620778164979
"ENSMUSG00000057455",0.50513514196456,10.1965272717642,1.5810055986888,0.222210639687078,0.272286276799659
"ENSMUSG00000029580",-0.653314140714095,10.3129235139526,1.57406953615325,0.22295874189681,0.272722819613673
"ENSMUSG00000021488",-0.481967769196728,9.62655917964958,1.540325577395,0.227362462443468,0.277621533088866
"ENSMUSG00000024277",-0.474047965718616,9.35937832408842,1.52015390653463,0.230046900097735,0.280004229286913
"ENSMUSG00000028234",-0.505625987669067,9.23108920264811,1.51835007754294,0.230118418322003,0.280004229286913
"ENSMUSG00000044533",0.82578541274732,9.30459649555395,1.48369362312928,0.236157426964133,0.286850906050675
"ENSMUSG00000052889",0.330789965141373,10.4204409917196,1.47022054001378,0.238609134199413,0.289323967600682
"ENSMUSG00000019856",-0.51157688028729,9.34184731949779,1.43193632098072,0.243593258494455,0.29485375289068
"ENSMUSG00000034891",-0.444662635222831,11.2183516902554,1.38057988035827,0.253035931316293,0.305523431518265
"ENSMUSG00000023236",-0.339043213082108,10.3446227577782,1.37793789780707,0.253285948255803,0.305523431518265
"ENSMUSG00000001441",-0.361554942672419,9.7843557090775,1.33087289855054,0.260973025257664,0.31381030581508
"ENSMUSG00000032479",-0.342433314264644,10.5976285466098,1.33279958449727,0.261057711303062,0.31381030581508
"ENSMUSG00000041329",-0.365952211054555,10.5409808533272,1.32851977590244,0.261780875801626,0.314137050961952
"ENSMUSG00000038690",-0.504011989205557,9.30253593731342,1.3071368613906,0.264581679810416,0.316951547587005
"ENSMUSG00000019841",0.388085912940772,9.13884700985045,1.25828051128762,0.273769696708156,0.327394688846867
"ENSMUSG00000022890",-0.524801100043475,9.80080541082462,1.22496898082208,0.280223862869597,0.334538265106757
"ENSMUSG00000029823",-0.367663951176995,9.46899148438024,1.20967991083464,0.282944096089967,0.337207347394892
"ENSMUSG00000033981",-0.375164601010613,10.7274221313494,1.16783420303975,0.291922035384041,0.347312370303064
"ENSMUSG00000025508",0.471336034269914,9.47334217070999,1.15148059575358,0.2949302631468,0.350292599232377
"ENSMUSG00000060938",0.500659986120477,9.92840479655025,1.13821058308777,0.297898332525462,0.353215058667329
"ENSMUSG00000074129",-0.477609685341351,10.576672921554,1.10970902802244,0.303883093047084,0.359698355035324
"ENSMUSG00000024404",-0.370969068421561,9.00433556292939,1.07885438683203,0.309405523992012,0.365205883778145
"ENSMUSG00000032413",0.388852774618362,9.09898059516522,1.08041607419345,0.309585447455611,0.365205883778145
"ENSMUSG00000014592",0.305601077530659,10.2449415590627,1.06346583969755,0.313968550150417,0.369749764644145
"ENSMUSG00000025217",0.404712499162752,9.3086389172137,1.05147949959071,0.316194501607954,0.371742184322865
"ENSMUSG00000003949",-0.330992295122705,9.41481393958507,1.00523918739963,0.326603341982929,0.383332084350959
"ENSMUSG00000022016",-0.386175221463776,9.21184882950384,0.999826378645873,0.327648802580165,0.383593550861337
"ENSMUSG00000024268",-0.335924412371419,10.6853055969541,1.00251822911394,0.3279283947737,0.383593550861337
"ENSMUSG00000003847",0.377730598421291,10.1111172573728,0.982685874454529,0.332615671599931,0.388423670190524
"ENSMUSG00000031517",-0.309660086225622,9.57231110347572,0.923186824436449,0.34690408279565,0.404430890495431
"ENSMUSG00000034120",-0.336932971739204,9.34846120259477,0.919309988496254,0.347698810623937,0.404679552164315
"ENSMUSG00000079641",0.431069210340077,9.80056100165258,0.906108904089196,0.351690274498898,0.408641788065498
"ENSMUSG00000037475",-0.362383944612431,9.27407063952975,0.837913615446032,0.369464660796301,0.428579006523709
"ENSMUSG00000028832",0.459027321886569,10.3163204654218,0.838184141935609,0.3701763240214,0.428690052444084
"ENSMUSG00000021699",0.341068390074565,9.31962073825823,0.817107856597936,0.375703095918904,0.434367698936141
"ENSMUSG00000031284",0.353949301003912,9.51348500692754,0.77805984609323,0.387283410437946,0.446804690014473
"ENSMUSG00000040972",-0.324046000350155,9.36930135459263,0.775385461762184,0.387744299955089,0.446804690014473
"ENSMUSG00000027677",-0.312491078119925,9.9306114234555,0.766173678899491,0.39091544705851,0.449714299425988
"ENSMUSG00000037593",-0.22825481496268,10.8362451104205,0.76010463000948,0.393041844366422,0.45141439550995
"ENSMUSG00000029461",-0.357090976385769,9.23499306878665,0.740682631454547,0.398264045596479,0.456658609118862
"ENSMUSG00000056895",-0.300582206137037,9.88871787053833,0.738949890932054,0.39930618880012,0.457100505600138
"ENSMUSG00000020315",-0.331398359319715,9.18900512041334,0.726464363933961,0.402736819045522,0.460270650337739
"ENSMUSG00000063524",0.340461264598931,9.61491293615836,0.723068954600079,0.40437768847477,0.461388313407279
"ENSMUSG00000028649",0.295404950013915,10.2232116824665,0.71328557651946,0.407713876148307,0.464433482486451
"ENSMUSG00000024975",-0.294635700727563,9.61689992453478,0.698329412192542,0.412217129974689,0.468795951735921
"ENSMUSG00000032294",-0.260681246671507,11.4652659323622,0.676337340459391,0.420027597741614,0.476899197435829
"ENSMUSG00000021098",-0.271136482445195,10.851881001264,0.658933396461015,0.425936384585873,0.482820396859556
"ENSMUSG00000037872",-0.263875831851962,9.47347310290319,0.635684588705058,0.433604849201203,0.490467523344402
"ENSMUSG00000053332",-0.352706931059848,10.0189433129981,0.635076020455452,0.434091945948494,0.490467523344402
"ENSMUSG00000026103",0.27302593936417,9.93529776872901,0.613463447874748,0.442005653462559,0.498599570194394
"ENSMUSG00000022812",-0.229009220257933,9.90811883154485,0.606358051691746,0.444517154725462,0.50062126163256
"ENSMUSG00000069769",0.322665106450767,9.95340638894751,0.588099127967191,0.451485226266402,0.507647362651722
"ENSMUSG00000028876",0.251787774805613,9.39237538035984,0.579873999523514,0.454376358536886,0.510074105712375
"ENSMUSG00000026797",-0.27386873524254,10.2755650945361,0.562839644959075,0.461237712405861,0.516942750136038
"ENSMUSG00000028906",-0.24658011742471,10.5552653852356,0.523127650917104,0.477356568362632,0.534148185820566
"ENSMUSG00000045095",0.27826509540092,9.63044768439186,0.518669480738991,0.47904187444028,0.535173586854631
"ENSMUSG00000032336",0.248901189997497,9.81760027721779,0.51177057660433,0.482009881067574,0.537626405806141
"ENSMUSG00000031536",-0.244624712778065,9.37236541709997,0.494055569330459,0.489264998280015,0.544845502084625
"ENSMUSG00000032666",-0.237449526362263,9.45771435096909,0.465941188699813,0.501823780674708,0.557938260941848
"ENSMUSG00000070683",0.229117372374805,10.2799115343531,0.463161947102014,0.50346750852294,0.558489830944254
"ENSMUSG00000032525",-0.25112398541986,9.61718155252198,0.4615087609008,0.503924732518666,0.558489830944254
"ENSMUSG00000050708",-0.345882615234651,9.63810251716796,0.4577795079684,0.505618514699627,0.559476130732814
"ENSMUSG00000035242",-0.278638090883379,10.9382854208489,0.452756842367674,0.508287921808667,0.561537132664813
"ENSMUSG00000014602",-0.215063315368529,9.28102664474881,0.448719956881385,0.509656779367312,0.562157081520839
"ENSMUSG00000020894",-0.293535226159745,9.73304809911632,0.427467124725766,0.51997402398091,0.572629621346066
"ENSMUSG00000074991",0.18874361577865,10.6940269394459,0.42225012310455,0.522791694566735,0.574823095447784
"ENSMUSG00000063457",0.314985429631131,9.61051926522734,0.418706089224063,0.524337035510946,0.575612897027789
"ENSMUSG00000034796",-0.171949493832925,9.85320685696868,0.401412425906873,0.532931543860324,0.584126542561867
"ENSMUSG00000017740",-0.164958721424856,10.066951605304,0.36974750268726,0.549469088324652,0.60059288121561
"ENSMUSG00000028161",0.25255674148788,9.24147098406311,0.368910279961893,0.549680553641298,0.60059288121561
"ENSMUSG00000028081",-0.278860602945774,9.66696647309805,0.361337100850692,0.553850724110378,0.604200789938594
"ENSMUSG00000028053",0.221434609808458,9.396772774853,0.326390563950024,0.573527596635201,0.623889862706794
"ENSMUSG00000040907",-0.193457650657369,10.1601582945612,0.326393023408729,0.573691827776363,0.623889862706794
"ENSMUSG00000086322",-0.229452308342432,10.4106894695636,0.301294854915109,0.588747210018104,0.639263741298909
"ENSMUSG00000033419",0.191246569450174,9.77539322146234,0.297515157612437,0.591002057869746,0.640712511335426
"ENSMUSG00000016252",-0.21289906681959,9.33621786963191,0.292596743639779,0.593823954822373,0.642770563851278
"ENSMUSG00000025794",-0.250948820470594,10.0917612667926,0.291257424552986,0.594920726836938,0.642957804159175
"ENSMUSG00000018379",-0.154625936860745,9.4103705393953,0.287000070830582,0.597403475589092,0.644640029472881
"ENSMUSG00000032959",-0.205388641278712,9.52233116084729,0.277245071234343,0.603699307403762,0.649811517599962
"ENSMUSG00000039001",-0.207702283259486,9.8904013984988,0.276867085095456,0.604063292941344,0.649811517599962
"ENSMUSG00000003429",0.227891796121111,9.52246268589831,0.252588038979288,0.620259076766622,0.66620419356415
"ENSMUSG00000032621",-0.178764028856875,9.35681095493203,0.245722531157008,0.624876320315974,0.670129304992169
"ENSMUSG00000032253",-0.149885499391157,9.58648856362726,0.221032523119453,0.642836740357992,0.688329801983327
"ENSMUSG00000057230",0.192601000165417,8.96533678442023,0.209875246155251,0.651135446531015,0.69614480919445
"ENSMUSG00000057132",-0.142363874216562,12.0194416797259,0.205617068234835,0.654845547171112,0.698012510270596
"ENSMUSG00000019505",-0.220228244513287,11.5752916681684,0.205561780695766,0.654888174147556,0.698012510270596
"ENSMUSG00000035864",0.137227802417681,12.1570061826074,0.198959356496049,0.660096496949225,0.702488015101928
"ENSMUSG00000041460",-0.120858348999621,10.3821483396182,0.194326943888408,0.663758950034658,0.705307220189499
"ENSMUSG00000052146",0.171676569333155,9.36129012992238,0.180082791509338,0.675369729101414,0.716550810144183
"ENSMUSG00000032740",0.163656011834131,9.39921268761231,0.160362502680284,0.692638274946473,0.733753788984391
"ENSMUSG00000063077",-0.15192450400998,9.79128287963316,0.158600399960384,0.694297225243569,0.734321851059297
"ENSMUSG00000026915",0.10128255952435,10.0818692752296,0.157603527167849,0.695284626218501,0.734321851059297
"ENSMUSG00000056486",0.10011329371639,9.43057566312076,0.149604391718503,0.702589652343632,0.740912724289648
"ENSMUSG00000062373",-0.148134884755776,9.62719727420537,0.144086071683547,0.7078661048545,0.745347668651637
"ENSMUSG00000039943",0.148862475074861,10.3898623695814,0.137015394663224,0.714917100760276,0.75163489747606
"ENSMUSG00000034566",-0.122339408009009,9.62281915111389,0.129069749296716,0.722806132671226,0.75878290850554
"ENSMUSG00000024921",-0.121236581131077,9.60875572883806,0.121345130865232,0.73086749423785,0.766090024080638
"ENSMUSG00000014294",0.184725046062256,9.3905525441049,0.115847324801553,0.736784836931802,0.771131197751179
"ENSMUSG00000113216",-0.0924464493629992,9.31712652400288,0.111482395426358,0.741536540867145,0.774939087753052
"ENSMUSG00000000552",-0.114911703218082,9.11602617616299,0.110040965185489,0.743087000096279,0.775395130535248
"ENSMUSG00000062604",0.118128705249873,9.58875496950844,0.105631770688705,0.748241662572604,0.779605085554689
"ENSMUSG00000036427",-0.0961802688195265,10.1102514490346,0.0985760763815054,0.756560559752333,0.787094394002427
"ENSMUSG00000020859",-0.111751835416797,9.42560982622462,0.0840234773616536,0.774575502666268,0.804633656501078
"ENSMUSG00000052727",-0.0869906946230149,8.96137160689112,0.0627095768304022,0.804441009150204,0.834412730802596
"ENSMUSG00000025326",0.0801558501820778,9.57450108223422,0.0607488081411611,0.807598496173257,0.836441299608016
"ENSMUSG00000023169",0.0797133458713537,9.53978130896867,0.0582418341930406,0.811521588448153,0.838158562774587
"ENSMUSG00000102252",0.0747221481455192,9.94479925944206,0.058181981383142,0.811665044985735,0.838158562774587
"ENSMUSG00000001270",-0.0638557309816664,11.8071212965192,0.0446339385506754,0.834702475714174,0.859465929105278
"ENSMUSG00000064341",-0.0800722455704497,12.7978598058054,0.0445961591369031,0.834768632291908,0.859465929105278
"ENSMUSG00000030096",0.0686744280007976,9.46515095466902,0.0401675962123349,0.842975575768385,0.866633679076508
"ENSMUSG00000050856",0.0902822254179857,9.39630945580789,0.0377771937909994,0.84765230662831,0.870156350167114
"ENSMUSG00000063919",0.0748471480742781,9.8334983379509,0.0323872255059121,0.858845723848833,0.880348488658008
"ENSMUSG00000022141",-0.0679843397752888,9.61215129360251,0.0257084608576595,0.874068922059825,0.894635249637703
"ENSMUSG00000035530",0.0625164980952808,10.3939099658608,0.0237773688921689,0.878901888660261,0.898260961097712
"ENSMUSG00000056342",-0.0513651261277087,9.71327289589741,0.0225483543281355,0.882008203426231,0.900113943672518
"ENSMUSG00000021270",0.0383845237573536,10.7275190959246,0.0168605337122763,0.897909194119869,0.914999705867393
"ENSMUSG00000026987",0.0323994689565821,10.1271149618775,0.0114674257059046,0.915713308112227,0.931778453868582
"ENSMUSG00000008153",0.0280293473990875,9.14220308490393,0.00905273392711308,0.925027725225189,0.939132295367472
"ENSMUSG00000035885",0.0364513440692921,10.3704985736438,0.00861382557045094,0.926919184263763,0.939132295367472
"ENSMUSG00000033307",0.036097875554462,11.2731247627779,0.0085995009963973,0.926988343272203,0.939132295367472
"ENSMUSG00000041817",-0.0340235926021954,9.31481217560354,0.00764549468480071,0.931094430050208,0.941921109469397
"ENSMUSG00000097545",-0.0280270873361235,9.2629515830492,0.00597989382415241,0.939039752121942,0.948580068906925
"ENSMUSG00000000263",0.0190135783479344,10.6327494767824,0.00437948470794253,0.947854728284136,0.956096943312693
"ENSMUSG00000019996",-0.0148723682695712,10.2825112882327,0.00195240002840634,0.965165402844822,0.970284500348606
"ENSMUSG00000049252",0.0260027064649559,10.3765084160441,0.00188554858376221,0.965767889626712,0.970284500348606
"ENSMUSG00000033701",-0.014082650030726,9.11296830062,0.00184577094638541,0.966102239571241,0.970284500348606
"ENSMUSG00000007892",0.0146712173831396,10.1550039960371,0.00102442107396422,0.974762281667642,0.977571394871295
"ENSMUSG00000033004",-0.00452598953848223,9.82392683781484,0.000229974257415718,0.988038631164721,0.989460269482943
"ENSMUSG00000008206",0.00165038592876903,9.32539429256052,2.78917494892868e-05,0.995832704304738,0.995832704304738
